{"stats":{"minecraft:killed":{"minecraft:spider":4,"minecraft:skeleton":1,"minecraft:chicken":6,"minecraft:pig":1,"minecraft:sheep":3,"minecraft:pillager":7,"minecraft:zombie":6,"endofherobrine:cow":1,"minecraft:enderman":1,"minecraft:cow":3},"minecraft:killed_by":{"minecraft:player":1,"minecraft:spider":1,"sanitydim:rotting_stalker":1,"man:managgresive":3,"minecraft:warden":7,"minecraft:zombie":1,"cave_dweller:cave_dweller":2},"minecraft:mined":{"minecraft:tuff":6,"minecraft:white_bed":1,"minecraft:mossy_cobblestone":17,"minecraft:deepslate_diamond_ore":8,"minecraft:oak_door":4,"minecraft:cherry_log":7,"minecraft:sculk_vein":63,"minecraft:cobblestone_stairs":4,"minecraft:dark_oak_log":1,"minecraft:dark_oak_fence":6,"minecraft:granite":1,"minecraft:grass_block":46,"minecraft:yellow_carpet":8,"minecraft:oxeye_daisy":3,"minecraft:smooth_stone":2,"minecraft:hay_block":17,"minecraft:oak_trapdoor":6,"minecraft:raw_iron_block":1,"minecraft:carrots":4,"minecraft:sculk_catalyst":24,"minecraft:furnace":4,"minecraft:barrel":1,"minecraft:iron_ore":37,"minecraft:cobbled_deepslate":4,"minecraft:snow":5,"minecraft:chiseled_deepslate":1,"minecraft:azure_bluet":4,"minecraft:sculk_shrieker":3,"minecraft:cobblestone_slab":3,"minecraft:dirt_path":19,"minecraft:deepslate_iron_ore":7,"minecraft:oak_stairs":169,"minecraft:stripped_oak_log":16,"minecraft:stone":204,"minecraft:deepslate_redstone_ore":5,"minecraft:oak_slab":30,"minecraft:glass_pane":17,"minecraft:snow_block":42,"minecraft:soul_fire":2,"minecraft:dandelion":127,"minecraft:powder_snow":33,"minecraft:cornflower":3,"minecraft:crafting_table":4,"minecraft:blast_furnace":4,"minecraft:emerald_ore":1,"minecraft:poppy":3,"minecraft:chest":2,"minecraft:campfire":2,"minecraft:sculk_sensor":137,"minecraft:tall_grass":12,"minecraft:cobblestone":162,"minecraft:deepslate_gold_ore":16,"minecraft:lapis_ore":2,"minecraft:oak_planks":100,"minecraft:bricks":1,"minecraft:sculk":127,"minecraft:diorite":13,"minecraft:wall_torch":3,"minecraft:skeleton_skull":2,"minecraft:pink_petals":25,"minecraft:white_terracotta":47,"minecraft:gray_wool":81,"minecraft:white_carpet":8,"minecraft:yellow_bed":10,"minecraft:grass":77,"minecraft:oak_log":55,"minecraft:coal_ore":74,"minecraft:beetroots":3,"minecraft:cherry_leaves":2,"minecraft:dirt":72,"minecraft:deepslate":31,"minecraft:oak_leaves":4},"minecraft:crafted":{"minecraft:wooden_sword":1,"minecraft:oak_door":3,"minecraft:oak_planks":204,"minecraft:raw_iron":9,"minecraft:barrel":4,"minecraft:cobblestone_slab":30,"minecraft:stone_shovel":2,"minecraft:golden_chestplate":1,"minecraft:furnace":4,"minecraft:stone":17,"sanitydim:garland":7,"minecraft:white_carpet":24,"minecraft:iron_boots":1,"minecraft:ladder":9,"minecraft:iron_hoe":1,"minecraft:stone_pickaxe":3,"minecraft:chest":3,"minecraft:stone_hoe":1,"minecraft:gray_bed":2,"minecraft:wheat":171,"minecraft:oak_slab":78,"minecraft:cooked_porkchop":3,"minecraft:crafting_table":12,"minecraft:wooden_pickaxe":1,"minecraft:iron_sword":2,"minecraft:bucket":1,"minecraft:campfire":2,"minecraft:stone_axe":3,"minecraft:bread":52,"minecraft:iron_chestplate":1,"minecraft:shield":1,"minecraft:stick":100,"minecraft:iron_ingot":33,"minecraft:iron_pickaxe":3,"minecraft:wooden_axe":2,"minecraft:stone_sword":1,"minecraft:gold_ingot":13,"minecraft:torch":140,"minecraft:shears":1},"minecraft:picked_up":{"minecraft:charcoal":4,"minecraft:azure_bluet":5,"minecraft:crafting_table":5,"minecraft:wheat":3,"minecraft:chicken":6,"minecraft:ladder":9,"minecraft:wooden_pickaxe":1,"minecraft:oak_stairs":169,"minecraft:cornflower":3,"minecraft:oak_trapdoor":5,"minecraft:string":4,"minecraft:raw_copper":16,"minecraft:iron_leggings":1,"minecraft:white_carpet":8,"minecraft:beetroot":3,"minecraft:diamond_leggings":1,"minecraft:cobbled_deepslate":43,"minecraft:smooth_stone":5,"minecraft:beef":6,"minecraft:cobblestone_slab":3,"minecraft:poppy":3,"minecraft:iron_pickaxe":2,"minecraft:chest":1,"minecraft:furnace":4,"minecraft:egg":6,"minecraft:stick":4,"minecraft:raw_iron":43,"minecraft:oak_door":7,"minecraft:oak_fence":5,"minecraft:torch":26,"minecraft:porkchop":3,"minecraft:cherry_log":7,"minecraft:diorite":84,"minecraft:carrot":21,"minecraft:redstone":22,"minecraft:arrow":4,"minecraft:stone_sword":2,"minecraft:stone_shovel":2,"minecraft:rotten_flesh":23,"minecraft:beetroot_seeds":15,"minecraft:shears":1,"minecraft:hay_block":26,"minecraft:white_terracotta":45,"minecraft:mutton":6,"minecraft:snowball":79,"minecraft:skeleton_skull":2,"minecraft:white_wool":19,"minecraft:cobblestone":378,"minecraft:oxeye_daisy":3,"minecraft:stripped_oak_log":16,"minecraft:pink_petals":103,"minecraft:feather":10,"minecraft:andesite":3,"minecraft:leather":6,"minecraft:potato":6,"minecraft:oak_log":58,"minecraft:yellow_bed":11,"minecraft:cobblestone_stairs":5,"simpletomb:grave_key":1,"sanitydim:garland":3,"minecraft:lapis_lazuli":18,"minecraft:dirt":162,"minecraft:white_banner":1,"minecraft:bone":2,"minecraft:apple":1,"minecraft:wheat_seeds":22,"minecraft:raw_gold":13,"minecraft:stone_hoe":3,"minecraft:iron_sword":6,"minecraft:oak_planks":101,"minecraft:oak_slab":32,"minecraft:dandelion":122,"minecraft:oak_pressure_plate":1,"minecraft:raw_iron_block":1,"minecraft:gravel":53,"minecraft:blast_furnace":4,"minecraft:white_bed":1,"minecraft:barrel":1,"minecraft:spider_eye":1,"minecraft:mossy_cobblestone":16,"minecraft:yellow_carpet":8,"minecraft:diamond":11,"minecraft:crossbow":1,"minecraft:granite":6,"minecraft:grass":2,"minecraft:cherry_sapling":1,"minecraft:gray_wool":131,"minecraft:emerald":1,"minecraft:dark_oak_fence":2,"minecraft:oak_sapling":2,"minecraft:black_wool":1,"minecraft:bricks":1,"minecraft:coal":69},"minecraft:dropped":{"minecraft:stone_hoe":3,"minecraft:bread":10,"minecraft:iron_sword":6,"minecraft:diamond":3,"minecraft:crafting_table":2,"simpletomb:grave_key":1,"minecraft:feather":5,"minecraft:granite":3,"minecraft:coal":32,"minecraft:dirt":9,"minecraft:torch":12,"minecraft:cornflower":1,"minecraft:wooden_axe":1,"minecraft:iron_leggings":1,"minecraft:wooden_sword":1,"minecraft:iron_pickaxe":3,"minecraft:string":2,"minecraft:pink_petals":2,"minecraft:stone_sword":2,"minecraft:cobbled_deepslate":3,"minecraft:stone_shovel":3,"minecraft:rotten_flesh":5,"minecraft:oak_planks":15,"minecraft:shears":1,"minecraft:blast_furnace":1,"minecraft:beetroot_seeds":4,"minecraft:andesite":3,"sanitydim:garland":3,"minecraft:ladder":9,"minecraft:stone_pickaxe":2,"minecraft:wooden_pickaxe":1},"minecraft:custom":{"minecraft:mob_kills":40,"minecraft:interact_with_crafting_table":67,"minecraft:leave_game":3,"minecraft:time_since_death":51214,"minecraft:climb_one_cm":8944,"minecraft:sprint_one_cm":567280,"minecraft:walk_one_cm":821363,"minecraft:damage_blocked_by_shield":1360,"minecraft:drop":128,"minecraft:talked_to_villager":1,"minecraft:play_time":281771,"minecraft:sneak_time":63366,"minecraft:deaths":17,"minecraft:walk_under_water_one_cm":4945,"minecraft:jump":2018,"minecraft:interact_with_blast_furnace":14,"minecraft:walk_on_water_one_cm":6421,"minecraft:total_world_time":281771,"minecraft:interact_with_furnace":29,"minecraft:sleep_in_bed":12,"minecraft:time_since_rest":13578,"minecraft:damage_taken":6759,"minecraft:damage_dealt":8340,"minecraft:player_kills":2,"minecraft:fly_one_cm":196124,"minecraft:open_chest":70,"minecraft:crouch_one_cm":211309,"minecraft:fall_one_cm":52339},"minecraft:used":{"minecraft:oak_trapdoor":1,"minecraft:beetroot":3,"minecraft:stone_sword":45,"minecraft:stone_shovel":160,"minecraft:ladder":4,"minecraft:white_terracotta":40,"minecraft:chest":4,"minecraft:shield":40,"minecraft:iron_sword":312,"minecraft:stone_hoe":111,"simpletomb:grave_key":50,"minecraft:oak_door":4,"minecraft:torch":141,"minecraft:dirt":29,"minecraft:white_carpet":4,"minecraft:carrot":39,"minecraft:yellow_carpet":4,"minecraft:snowball":57,"minecraft:iron_hoe":227,"minecraft:wooden_axe":70,"minecraft:lava_bucket":1,"minecraft:oak_stairs":13,"minecraft:barrel":5,"minecraft:beef":6,"minecraft:furnace":8,"minecraft:gray_bed":2,"minecraft:skeleton_skull":2,"minecraft:potato":8,"minecraft:oak_planks":33,"minecraft:stone_pickaxe":260,"minecraft:wooden_pickaxe":31,"minecraft:cobblestone_slab":27,"minecraft:mossy_cobblestone":13,"minecraft:oak_slab":102,"minecraft:crafting_table":15,"minecraft:blast_furnace":3,"minecraft:campfire":2,"minecraft:shears":28,"minecraft:oak_log":1,"minecraft:apple":8,"minecraft:chicken":5,"minecraft:bread":23,"minecraft:iron_pickaxe":460,"minecraft:oak_pressure_plate":2,"minecraft:stone_axe":345,"minecraft:wooden_sword":133,"minecraft:cobblestone":107,"minecraft:cooked_porkchop":3,"minecraft:bucket":2,"minecraft:yellow_bed":11,"minecraft:stripped_oak_log":10,"minecraft:gray_wool":118,"minecraft:soul_torch":5},"minecraft:broken":{"sanitydim:garland":4,"minecraft:stone_pickaxe":1,"minecraft:stone_axe":2,"minecraft:iron_pickaxe":1}},"DataVersion":3465}