{"stats":{"minecraft:custom":{"minecraft:time_since_rest":334,"minecraft:crouch_one_cm":485,"minecraft:sprint_one_cm":2502,"minecraft:play_time":4140,"minecraft:deaths":2,"minecraft:damage_taken":540,"minecraft:walk_one_cm":9278,"minecraft:sneak_time":276,"minecraft:walk_under_water_one_cm":4745,"minecraft:jump":33,"minecraft:damage_dealt":273,"minecraft:leave_game":1,"minecraft:walk_on_water_one_cm":6303,"minecraft:time_since_death":77,"minecraft:total_world_time":4140,"minecraft:fall_one_cm":2133,"minecraft:fly_one_cm":1230},"minecraft:used":{"minecraft:apple":1},"minecraft:killed_by":{"minecraft:spider":1,"minecraft:zombie":1},"minecraft:mined":{"minecraft:grass":3,"minecraft:dandelion":5,"minecraft:oak_leaves":1},"minecraft:picked_up":{"minecraft:apple":1,"minecraft:dandelion":4}},"DataVersion":3465}