{"stats":{"minecraft:broken":{"sanitydim:garland":3,"minecraft:stone_pickaxe":5},"minecraft:dropped":{"minecraft:stone_hoe":1,"minecraft:bread":1,"minecraft:wheat_seeds":9,"minecraft:oak_log":1,"minecraft:cooked_porkchop":1,"minecraft:cobblestone":7,"minecraft:stick":1,"minecraft:stone_sword":2,"minecraft:wheat":2,"minecraft:stone_shovel":1,"sanitydim:garland":1,"minecraft:oak_sapling":4,"minecraft:stone_pickaxe":1},"minecraft:crafted":{"minecraft:oak_door":6,"minecraft:oak_planks":220,"minecraft:stone_shovel":5,"minecraft:oak_sign":3,"minecraft:barrel":3,"minecraft:leather_leggings":1,"minecraft:cooked_chicken":4,"minecraft:furnace":13,"minecraft:bone_meal":6,"sanitydim:garland":4,"minecraft:cooked_mutton":2,"minecraft:oak_trapdoor":2,"minecraft:glass":7,"minecraft:stone_pickaxe":23,"minecraft:cobblestone_wall":36,"minecraft:chest":11,"minecraft:cooked_beef":7,"minecraft:oak_slab":12,"minecraft:cooked_porkchop":5,"minecraft:crafting_table":4,"minecraft:wooden_pickaxe":1,"minecraft:iron_sword":1,"minecraft:stone_axe":7,"minecraft:stick":92,"minecraft:iron_ingot":4,"minecraft:stone_sword":12,"minecraft:torch":20,"minecraft:shears":1,"minecraft:lapis_block":2},"minecraft:killed_by":{"endofherobrine:cow":1,"minecraft:player":1,"minecraft:creeper":5,"minecraft:spider":6,"minecraft:drowned":2,"endofherobrine:sheep":2,"minecraft:chicken":1,"man:managgresive":4,"sanitydim:sneaking_terror":2,"minecraft:skeleton":7,"minecraft:zombie":5,"endofherobrine:pigman":2},"minecraft:killed":{"minecraft:spider":7,"minecraft:skeleton":7,"minecraft:chicken":6,"minecraft:pig":3,"minecraft:creeper":4,"minecraft:sheep":2,"minecraft:zombie":6,"endofherobrine:chicken":1,"endofherobrine:sheep":3,"minecraft:cow":4},"minecraft:mined":{"minecraft:oak_door":1,"minecraft:budding_amethyst":2,"minecraft:granite":15,"minecraft:grass_block":16,"minecraft:oxeye_daisy":7,"minecraft:spawner":1,"minecraft:magma_block":2,"minecraft:oak_trapdoor":1,"minecraft:iron_ore":2,"minecraft:andesite":38,"minecraft:pumpkin":20,"minecraft:azure_bluet":5,"minecraft:small_amethyst_bud":2,"minecraft:stone":761,"minecraft:tripwire":1,"minecraft:medium_amethyst_bud":1,"minecraft:dandelion":74,"minecraft:cornflower":1,"minecraft:torch":7,"minecraft:calcite":2,"minecraft:poppy":3,"minecraft:glass":2,"minecraft:tall_grass":28,"minecraft:copper_ore":21,"minecraft:cobblestone":21,"minecraft:lapis_ore":4,"minecraft:diorite":10,"minecraft:wall_torch":8,"minecraft:amethyst_block":8,"minecraft:cobblestone_wall":11,"minecraft:birch_log":13,"minecraft:redstone_torch":1,"minecraft:wheat":2,"minecraft:birch_leaves":1,"minecraft:grass":85,"minecraft:oak_log":41,"minecraft:coal_ore":140,"minecraft:gravel":20,"minecraft:sand":37,"minecraft:dirt":89,"minecraft:smooth_basalt":2,"minecraft:netherrack":1,"minecraft:deepslate":3,"minecraft:oak_leaves":17},"minecraft:picked_up":{"minecraft:crafting_table":1,"minecraft:wheat":3,"minecraft:azure_bluet":5,"minecraft:chicken":8,"minecraft:wooden_pickaxe":1,"minecraft:amethyst_block":8,"minecraft:cornflower":1,"minecraft:oak_trapdoor":1,"minecraft:string":16,"minecraft:raw_copper":74,"minecraft:cobbled_deepslate":3,"minecraft:gold_nugget":1,"minecraft:beef":12,"minecraft:redstone_torch":4,"minecraft:calcite":2,"minecraft:poppy":3,"minecraft:light_gray_wool":1,"minecraft:chest":2,"minecraft:birch_sapling":1,"minecraft:egg":5,"minecraft:stick":22,"minecraft:raw_iron":2,"minecraft:oak_door":7,"minecraft:torch":36,"minecraft:porkchop":19,"minecraft:diorite":15,"minecraft:stone_sword":25,"minecraft:arrow":22,"minecraft:rotten_flesh":26,"minecraft:stone_shovel":13,"minecraft:mutton":8,"minecraft:white_wool":13,"minecraft:cobblestone":1408,"minecraft:oxeye_daisy":7,"minecraft:birch_log":18,"minecraft:feather":7,"minecraft:andesite":38,"minecraft:leather":8,"minecraft:flint":1,"minecraft:oak_log":85,"minecraft:cobblestone_wall":11,"minecraft:gunpowder":3,"minecraft:lapis_lazuli":25,"minecraft:dirt":315,"minecraft:bone":15,"minecraft:apple":3,"minecraft:bow":1,"minecraft:wheat_seeds":29,"minecraft:cooked_chicken":2,"minecraft:stone_pickaxe":83,"minecraft:iron_ingot":2,"minecraft:oak_planks":14,"minecraft:iron_sword":10,"minecraft:stone_hoe":1,"minecraft:smooth_basalt":2,"minecraft:pumpkin":19,"minecraft:dandelion":69,"minecraft:gravel":19,"minecraft:sand":37,"minecraft:spider_eye":5,"minecraft:stone_axe":25,"minecraft:granite":15,"minecraft:bread":1,"minecraft:black_wool":1,"minecraft:oak_sapling":31,"minecraft:netherrack":2,"minecraft:coal":154},"minecraft:custom":{"minecraft:mob_kills":61,"minecraft:interact_with_crafting_table":71,"minecraft:open_barrel":50,"minecraft:leave_game":5,"minecraft:time_since_death":14787,"minecraft:sprint_one_cm":1273903,"minecraft:walk_one_cm":535120,"minecraft:drop":32,"minecraft:play_time":253736,"minecraft:deaths":42,"minecraft:sneak_time":627,"minecraft:walk_under_water_one_cm":18005,"minecraft:jump":2689,"minecraft:walk_on_water_one_cm":27813,"minecraft:total_world_time":253736,"minecraft:interact_with_furnace":39,"minecraft:sleep_in_bed":7,"minecraft:time_since_rest":711,"minecraft:damage_taken":12638,"minecraft:damage_dealt":7284,"minecraft:swim_one_cm":6902,"minecraft:fly_one_cm":452307,"minecraft:player_kills":3,"minecraft:open_chest":130,"minecraft:crouch_one_cm":1158,"minecraft:fall_one_cm":74218},"minecraft:used":{"minecraft:oak_trapdoor":5,"minecraft:stone_sword":308,"minecraft:stone_shovel":95,"minecraft:oak_sign":3,"minecraft:chest":11,"minecraft:iron_sword":147,"minecraft:cooked_chicken":6,"minecraft:rotten_flesh":6,"simpletomb:grave_key":14,"minecraft:oak_door":4,"minecraft:torch":20,"minecraft:dirt":45,"sanitydim:garland":2,"minecraft:cobblestone_wall":45,"minecraft:glass":7,"minecraft:barrel":3,"minecraft:beef":2,"minecraft:furnace":13,"minecraft:oak_sapling":2,"minecraft:egg":4,"minecraft:cooked_beef":7,"minecraft:pumpkin":4,"minecraft:wheat_seeds":1,"minecraft:cooked_mutton":3,"minecraft:diorite":4,"minecraft:stone_pickaxe":1053,"minecraft:wooden_pickaxe":63,"minecraft:crafting_table":4,"minecraft:oak_log":1,"minecraft:apple":1,"minecraft:string":1,"minecraft:gravel":1,"minecraft:stone_axe":35,"minecraft:cobblestone":237,"minecraft:porkchop":5,"minecraft:cooked_porkchop":4,"minecraft:bone_meal":6}},"DataVersion":3465}