{"stats":{"minecraft:killed":{"minecraft:spider":12,"minecraft:skeleton":15,"minecraft:chicken":10,"minecraft:pig":2,"minecraft:salmon":3,"minecraft:creeper":6,"minecraft:sheep":9,"minecraft:pillager":53,"minecraft:zombie":32,"endofherobrine:chicken":1,"endofherobrine:cow":1,"minecraft:cow":5,"minecraft:vindicator":1,"endofherobrine:rabbit":1,"endofherobrine:sheep":1,"minecraft:enderman":1},"minecraft:killed_by":{"endofherobrine:cow":2,"minecraft:creeper":2,"minecraft:pillager":15,"endofherobrine:sheep":1,"sanitydim:rotting_stalker":3,"endofherobrine:chicken":1,"man:managgresive":12,"sanitydim:sneaking_terror":1,"minecraft:witch":1,"minecraft:zombie":1,"minecraft:player":1,"minecraft:spider":3,"minecraft:enderman":2,"minecraft:warden":21,"minecraft:skeleton":3,"endofherobrine:pigman":1,"cave_dweller:cave_dweller":4},"minecraft:crafted":{"minecraft:oak_planks":240,"minecraft:smooth_stone":17,"minecraft:cobblestone_slab":30,"minecraft:barrel":4,"minecraft:cooked_chicken":4,"minecraft:stone":17,"minecraft:cooked_mutton":2,"minecraft:iron_boots":3,"minecraft:chest":3,"minecraft:stone_hoe":1,"minecraft:oak_fence":3,"minecraft:gray_bed":3,"minecraft:oak_slab":78,"minecraft:cooked_porkchop":3,"minecraft:crafting_table":17,"minecraft:wooden_pickaxe":1,"minecraft:campfire":2,"minecraft:iron_chestplate":2,"minecraft:diamond_pickaxe":2,"minecraft:shield":5,"minecraft:stick":164,"minecraft:iron_ingot":96,"minecraft:iron_pickaxe":4,"minecraft:stone_sword":1,"minecraft:gold_ingot":13,"minecraft:gray_carpet":18,"minecraft:shears":1,"minecraft:wooden_sword":1,"minecraft:oak_door":3,"minecraft:raw_iron":9,"minecraft:stone_shovel":4,"minecraft:fishing_rod":1,"minecraft:tripwire_hook":2,"minecraft:golden_chestplate":1,"minecraft:iron_nugget":9,"minecraft:furnace":4,"sanitydim:garland":17,"minecraft:white_carpet":24,"minecraft:lantern":1,"minecraft:ladder":9,"minecraft:iron_hoe":2,"minecraft:stone_pickaxe":5,"minecraft:dark_oak_planks":28,"minecraft:wheat":189,"minecraft:cooked_beef":1,"minecraft:crossbow":1,"minecraft:diamond_sword":1,"minecraft:iron_sword":2,"minecraft:bucket":3,"minecraft:stone_axe":4,"minecraft:bread":60,"minecraft:wooden_axe":2,"minecraft:white_bed":1,"minecraft:torch":312},"minecraft:mined":{"minecraft:dark_oak_planks":1,"minecraft:white_bed":3,"minecraft:farmland":5,"minecraft:cobblestone_stairs":5,"minecraft:sculk_vein":90,"minecraft:cherry_log":14,"minecraft:carved_pumpkin":2,"minecraft:obsidian":1,"minecraft:granite":2,"minecraft:grass_block":166,"minecraft:yellow_carpet":8,"minecraft:deepslate_bricks":2,"minecraft:oxeye_daisy":3,"minecraft:smooth_stone":2,"minecraft:tall_seagrass":1,"minecraft:raw_iron_block":1,"minecraft:sculk_catalyst":44,"minecraft:mossy_cobblestone_stairs":1,"minecraft:fire":7,"minecraft:cobbled_deepslate":4,"minecraft:iron_ore":77,"minecraft:sticky_piston":3,"minecraft:barrel":1,"minecraft:target":1,"minecraft:pumpkin":2,"minecraft:deepslate_lapis_ore":3,"minecraft:azure_bluet":4,"minecraft:sculk_shrieker":12,"minecraft:dirt_path":28,"minecraft:oak_stairs":203,"minecraft:deepslate_brick_stairs":3,"minecraft:deepslate_redstone_ore":8,"minecraft:soul_fire":8,"minecraft:powder_snow":33,"minecraft:clay":4,"minecraft:torch":2,"minecraft:blast_furnace":4,"minecraft:poppy":4,"minecraft:chest":3,"minecraft:cobblestone":165,"minecraft:sugar_cane":13,"minecraft:oak_planks":100,"minecraft:bricks":1,"minecraft:wall_torch":8,"minecraft:skeleton_skull":2,"minecraft:pink_petals":54,"minecraft:white_terracotta":56,"minecraft:repeater":3,"minecraft:dark_oak_slab":4,"minecraft:wheat":8,"minecraft:stripped_oak_wood":2,"minecraft:grass":261,"minecraft:cracked_deepslate_tiles":2,"minecraft:oak_log":60,"minecraft:oak_fence_gate":4,"minecraft:beetroots":6,"minecraft:dirt":224,"minecraft:oak_leaves":12,"minecraft:deepslate":121,"minecraft:redstone_lamp":2,"minecraft:deepslate_tiles":4,"minecraft:tuff":17,"minecraft:mossy_cobblestone":17,"minecraft:deepslate_diamond_ore":9,"minecraft:oak_door":4,"minecraft:dark_oak_log":14,"minecraft:dark_oak_fence":10,"minecraft:redstone_wire":1,"minecraft:hay_block":19,"minecraft:redstone_ore":5,"minecraft:oak_trapdoor":6,"minecraft:furnace":4,"minecraft:carrots":20,"minecraft:snow":5,"minecraft:andesite":10,"minecraft:chiseled_deepslate":1,"minecraft:deepslate_iron_ore":20,"minecraft:cobblestone_slab":3,"minecraft:stripped_oak_log":16,"minecraft:stone":330,"minecraft:oak_slab":30,"minecraft:redstone_block":2,"minecraft:glass_pane":17,"minecraft:cherry_planks":2,"minecraft:comparator":1,"minecraft:snow_block":42,"minecraft:dandelion":195,"minecraft:oak_fence":19,"minecraft:crafting_table":5,"minecraft:cornflower":4,"minecraft:emerald_ore":2,"minecraft:rose_bush":7,"minecraft:sculk_sensor":219,"minecraft:campfire":2,"minecraft:tall_grass":64,"minecraft:copper_ore":12,"minecraft:deepslate_gold_ore":31,"minecraft:lapis_ore":3,"minecraft:cracked_deepslate_bricks":3,"minecraft:sculk":376,"minecraft:diorite":14,"minecraft:birch_planks":29,"minecraft:gray_wool":126,"minecraft:cobblestone_wall":1,"minecraft:gray_bed":2,"minecraft:white_carpet":8,"minecraft:yellow_bed":17,"minecraft:coal_ore":176,"minecraft:cherry_leaves":2,"minecraft:gravel":4,"minecraft:gray_carpet":56,"minecraft:gold_ore":4},"minecraft:picked_up":{"minecraft:wheat":10,"minecraft:redstone_block":2,"minecraft:lead":2,"minecraft:oak_stairs":203,"minecraft:string":16,"minecraft:raw_copper":63,"minecraft:iron_leggings":1,"minecraft:sticky_piston":3,"minecraft:beetroot":6,"minecraft:deepslate_tiles":3,"minecraft:diamond_leggings":1,"minecraft:cobbled_deepslate":96,"minecraft:smooth_stone":5,"minecraft:comparator":1,"minecraft:rose_bush":6,"minecraft:cobblestone_slab":3,"minecraft:iron_pickaxe":2,"minecraft:furnace":4,"minecraft:stick":9,"minecraft:oak_fence":25,"minecraft:torch":65,"minecraft:porkchop":7,"minecraft:target":1,"minecraft:cherry_log":12,"minecraft:diorite":87,"minecraft:stone_sword":2,"minecraft:rotten_flesh":75,"minecraft:carved_pumpkin":2,"minecraft:white_terracotta":54,"minecraft:deepslate_brick_stairs":3,"minecraft:obsidian":1,"minecraft:snowball":196,"minecraft:cobblestone":584,"minecraft:pink_petals":257,"minecraft:feather":15,"minecraft:repeater":3,"minecraft:cherry_planks":6,"minecraft:water_bucket":1,"minecraft:andesite":13,"minecraft:potato":8,"minecraft:flint":2,"minecraft:tuff":8,"minecraft:lapis_lazuli":51,"minecraft:dirt":645,"minecraft:bone":27,"minecraft:wheat_seeds":68,"minecraft:raw_gold":31,"minecraft:stone_hoe":3,"minecraft:oak_planks":107,"minecraft:oak_pressure_plate":1,"minecraft:sand":12,"minecraft:dark_oak_log":13,"minecraft:barrel":1,"minecraft:mossy_cobblestone":16,"minecraft:yellow_carpet":8,"minecraft:diamond":12,"minecraft:crossbow":6,"minecraft:granite":11,"minecraft:grass":2,"minecraft:bone_meal":2,"minecraft:emerald":2,"minecraft:bread":2,"minecraft:oak_sapling":2,"minecraft:dark_oak_fence":7,"minecraft:bricks":1,"minecraft:crafting_table":6,"minecraft:charcoal":4,"minecraft:azure_bluet":5,"minecraft:chicken":12,"minecraft:ladder":9,"minecraft:clay_ball":16,"minecraft:redstone_lamp":2,"minecraft:wooden_pickaxe":1,"minecraft:cornflower":4,"minecraft:oak_trapdoor":5,"minecraft:white_carpet":8,"minecraft:cracked_stone_bricks":1,"minecraft:beef":10,"minecraft:poppy":4,"minecraft:sugar_cane":27,"minecraft:chest":1,"minecraft:egg":13,"minecraft:raw_iron":96,"minecraft:oak_door":7,"minecraft:stone_button":3,"minecraft:carrot":82,"minecraft:redstone":53,"minecraft:arrow":23,"minecraft:stone_shovel":3,"minecraft:beetroot_seeds":25,"minecraft:shears":1,"minecraft:deepslate_bricks":2,"minecraft:hay_block":28,"minecraft:cracked_deepslate_bricks":3,"minecraft:mutton":14,"minecraft:skeleton_skull":2,"minecraft:white_wool":34,"minecraft:oxeye_daisy":3,"minecraft:cracked_deepslate_tiles":4,"minecraft:stripped_oak_log":16,"minecraft:tripwire_hook":1,"minecraft:salmon":2,"minecraft:leather":6,"minecraft:birch_planks":30,"minecraft:oak_log":63,"minecraft:cobblestone_wall":1,"minecraft:yellow_bed":18,"minecraft:gunpowder":11,"minecraft:cobblestone_stairs":7,"simpletomb:grave_key":1,"sanitydim:garland":3,"minecraft:white_banner":5,"minecraft:apple":1,"minecraft:gray_carpet":58,"minecraft:oak_fence_gate":4,"minecraft:stone_pickaxe":1,"minecraft:stripped_oak_wood":2,"minecraft:gray_bed":2,"minecraft:iron_sword":6,"minecraft:oak_slab":32,"minecraft:dark_oak_slab":4,"minecraft:pumpkin":2,"minecraft:dandelion":189,"minecraft:spyglass":1,"minecraft:raw_iron_block":1,"minecraft:gravel":69,"minecraft:blast_furnace":4,"minecraft:white_bed":3,"minecraft:spider_eye":3,"minecraft:cherry_sapling":1,"minecraft:mossy_cobblestone_stairs":1,"minecraft:gray_wool":180,"minecraft:black_wool":1,"minecraft:coal":175},"minecraft:dropped":{"minecraft:iron_sword":6,"minecraft:porkchop":1,"minecraft:lapis_lazuli":3,"minecraft:glass_bottle":1,"minecraft:diamond":3,"minecraft:crafting_table":2,"minecraft:crossbow":2,"minecraft:glow_berries":9,"minecraft:cracked_stone_bricks":1,"minecraft:dirt":13,"minecraft:stone_button":3,"minecraft:cornflower":1,"minecraft:cracked_deepslate_tiles":2,"minecraft:snowball":110,"minecraft:wooden_sword":1,"minecraft:sand":3,"minecraft:iron_pickaxe":3,"minecraft:white_wool":1,"minecraft:gravel":3,"minecraft:stone_axe":1,"minecraft:sugar_cane":1,"minecraft:cooked_chicken":1,"minecraft:cobbled_deepslate":5,"minecraft:rotten_flesh":7,"minecraft:oak_planks":19,"minecraft:carrot":7,"minecraft:beetroot_seeds":4,"minecraft:ladder":9,"minecraft:stone_hoe":3,"minecraft:iron_ingot":19,"minecraft:bread":27,"minecraft:wheat_seeds":4,"simpletomb:grave_key":3,"minecraft:feather":5,"minecraft:book":12,"minecraft:granite":5,"minecraft:coal":32,"minecraft:gray_wool":10,"minecraft:diorite":2,"minecraft:torch":39,"minecraft:wooden_axe":1,"minecraft:iron_leggings":2,"minecraft:string":2,"minecraft:pink_petals":28,"minecraft:tripwire_hook":1,"minecraft:dandelion":23,"minecraft:stone_sword":3,"minecraft:raw_copper":18,"minecraft:tuff":1,"minecraft:stone_shovel":4,"minecraft:raw_iron":9,"minecraft:shears":1,"minecraft:blast_furnace":1,"minecraft:shield":1,"minecraft:diamond_pickaxe":1,"minecraft:andesite":3,"sanitydim:garland":6,"minecraft:stone_pickaxe":4,"minecraft:wooden_pickaxe":1},"minecraft:custom":{"minecraft:interact_with_crafting_table":130,"minecraft:open_barrel":108,"minecraft:bell_ring":1,"minecraft:leave_game":9,"minecraft:time_since_death":5083,"minecraft:sprint_one_cm":2209564,"minecraft:damage_blocked_by_shield":11880,"minecraft:drop":362,"minecraft:talked_to_villager":1,"minecraft:play_time":742182,"minecraft:deaths":82,"minecraft:jump":8726,"minecraft:walk_on_water_one_cm":45536,"minecraft:enchant_item":2,"minecraft:interact_with_furnace":60,"minecraft:interact_with_cartography_table":1,"minecraft:sleep_in_bed":38,"minecraft:damage_dealt":36749,"minecraft:player_kills":2,"minecraft:crouch_one_cm":352006,"minecraft:horse_one_cm":1727,"minecraft:interact_with_anvil":1,"minecraft:mob_kills":178,"minecraft:climb_one_cm":21186,"minecraft:walk_one_cm":2114074,"minecraft:sneak_time":103286,"minecraft:walk_under_water_one_cm":17781,"minecraft:interact_with_blast_furnace":21,"minecraft:total_world_time":742182,"minecraft:raid_trigger":1,"minecraft:time_since_rest":4092,"minecraft:damage_taken":29560,"minecraft:swim_one_cm":5346,"minecraft:fly_one_cm":1196118,"minecraft:open_chest":164,"minecraft:fall_one_cm":291927},"minecraft:used":{"minecraft:beetroot":3,"minecraft:ladder":4,"minecraft:diamond_hoe":219,"minecraft:chest":4,"minecraft:white_terracotta":52,"minecraft:shield":180,"minecraft:iron_sword":448,"minecraft:bell":1,"minecraft:sculk_sensor":5,"minecraft:carrot":116,"minecraft:snowball":73,"minecraft:obsidian":11,"minecraft:lava_bucket":9,"minecraft:lantern":1,"minecraft:oak_sapling":2,"minecraft:furnace":8,"minecraft:gray_bed":5,"minecraft:beetroot_seeds":16,"minecraft:skeleton_skull":2,"minecraft:egg":3,"minecraft:potato":10,"minecraft:diorite":2,"minecraft:gray_carpet":61,"minecraft:stone_pickaxe":347,"minecraft:oak_planks":33,"minecraft:wooden_pickaxe":31,"minecraft:sugar_cane":2,"minecraft:glow_berries":87,"minecraft:sand":9,"minecraft:blast_furnace":3,"minecraft:crossbow":28,"minecraft:shears":58,"minecraft:deepslate_tiles":1,"minecraft:bread":41,"minecraft:oak_pressure_plate":2,"minecraft:diamond_sword":932,"minecraft:wooden_sword":133,"minecraft:dark_oak_fence":7,"minecraft:bone_meal":1,"minecraft:experience_bottle":5,"minecraft:oak_fence":27,"minecraft:oak_trapdoor":1,"minecraft:stone_sword":115,"minecraft:cracked_deepslate_bricks":2,"minecraft:stone_shovel":312,"minecraft:cooked_chicken":3,"minecraft:stone_hoe":111,"simpletomb:grave_key":150,"minecraft:oak_door":4,"minecraft:torch":337,"minecraft:dirt":225,"minecraft:spyglass":8,"minecraft:white_carpet":4,"minecraft:cobblestone_wall":1,"minecraft:yellow_carpet":4,"minecraft:granite":1,"minecraft:oak_fence_gate":4,"minecraft:iron_hoe":433,"minecraft:wooden_axe":70,"minecraft:oak_stairs":13,"minecraft:barrel":5,"minecraft:beef":6,"minecraft:goat_horn":6,"minecraft:cooked_beef":1,"minecraft:cobbled_deepslate":20,"minecraft:wheat_seeds":48,"minecraft:cooked_mutton":2,"minecraft:water_bucket":27,"minecraft:birch_planks":2,"minecraft:lead":1,"minecraft:cartography_table":1,"minecraft:cobblestone_slab":27,"minecraft:deepslate_bricks":1,"minecraft:salmon":2,"minecraft:mossy_cobblestone":13,"minecraft:oak_slab":102,"minecraft:crafting_table":21,"minecraft:white_bed":4,"minecraft:campfire":2,"minecraft:oak_log":1,"minecraft:diamond_pickaxe":70,"minecraft:apple":8,"minecraft:chicken":7,"minecraft:iron_pickaxe":804,"minecraft:stone_axe":455,"minecraft:fishing_rod":12,"minecraft:cobblestone":182,"minecraft:potion":4,"minecraft:porkchop":3,"minecraft:cooked_porkchop":3,"minecraft:bucket":38,"minecraft:yellow_bed":17,"minecraft:stripped_oak_log":14,"minecraft:gray_wool":149,"minecraft:soul_torch":20},"minecraft:broken":{"minecraft:iron_boots":2,"minecraft:iron_chestplate":1,"sanitydim:garland":12,"minecraft:stone_pickaxe":1,"minecraft:stone_axe":2,"minecraft:iron_sword":1,"minecraft:stone_shovel":1,"minecraft:golden_chestplate":1,"minecraft:iron_hoe":1,"minecraft:shield":4,"minecraft:iron_pickaxe":2}},"DataVersion":3465}