{"stats":{"minecraft:broken":{"minecraft:stone_pickaxe":3},"minecraft:dropped":{"minecraft:stone_hoe":1,"minecraft:bread":1,"minecraft:wheat_seeds":9,"minecraft:oak_log":1,"minecraft:cooked_porkchop":1,"minecraft:cobblestone":7,"minecraft:stick":1,"minecraft:stone_sword":2,"minecraft:wheat":2,"minecraft:stone_shovel":1,"minecraft:oak_sapling":4},"minecraft:crafted":{"minecraft:oak_door":3,"minecraft:oak_planks":156,"minecraft:stone_shovel":5,"minecraft:oak_sign":3,"minecraft:barrel":3,"minecraft:cooked_chicken":1,"minecraft:furnace":12,"minecraft:bone_meal":6,"minecraft:cooked_mutton":2,"minecraft:glass":7,"minecraft:stone_pickaxe":19,"minecraft:cobblestone_wall":30,"minecraft:chest":2,"minecraft:cooked_beef":4,"minecraft:oak_slab":12,"minecraft:cooked_porkchop":5,"minecraft:crafting_table":2,"minecraft:wooden_pickaxe":1,"minecraft:iron_sword":1,"minecraft:stone_axe":5,"minecraft:stick":72,"minecraft:stone_sword":12,"minecraft:lapis_block":2},"minecraft:killed_by":{"endofherobrine:cow":1,"minecraft:creeper":5,"minecraft:spider":4,"minecraft:drowned":1,"endofherobrine:sheep":1,"minecraft:chicken":1,"man:managgresive":3,"sanitydim:sneaking_terror":1,"minecraft:skeleton":6,"minecraft:zombie":5,"endofherobrine:pigman":2},"minecraft:killed":{"minecraft:spider":7,"minecraft:skeleton":7,"minecraft:chicken":6,"minecraft:pig":1,"minecraft:creeper":4,"minecraft:sheep":1,"minecraft:zombie":5,"endofherobrine:chicken":1,"endofherobrine:sheep":3,"minecraft:cow":2},"minecraft:mined":{"minecraft:oak_door":1,"minecraft:granite":11,"minecraft:grass_block":15,"minecraft:oxeye_daisy":1,"minecraft:magma_block":2,"minecraft:iron_ore":2,"minecraft:andesite":8,"minecraft:pumpkin":20,"minecraft:azure_bluet":1,"minecraft:stone":457,"minecraft:tripwire":1,"minecraft:cornflower":1,"minecraft:torch":6,"minecraft:poppy":1,"minecraft:glass":2,"minecraft:tall_grass":10,"minecraft:copper_ore":21,"minecraft:cobblestone":8,"minecraft:lapis_ore":4,"minecraft:diorite":4,"minecraft:wall_torch":5,"minecraft:cobblestone_wall":4,"minecraft:birch_log":13,"minecraft:redstone_torch":1,"minecraft:wheat":2,"minecraft:birch_leaves":1,"minecraft:grass":31,"minecraft:oak_log":37,"minecraft:coal_ore":50,"minecraft:gravel":6,"minecraft:sand":37,"minecraft:dirt":56,"minecraft:netherrack":1,"minecraft:oak_leaves":15},"minecraft:picked_up":{"minecraft:crafting_table":1,"minecraft:wheat":3,"minecraft:azure_bluet":1,"minecraft:chicken":8,"minecraft:wooden_pickaxe":1,"minecraft:cornflower":1,"minecraft:string":16,"minecraft:raw_copper":74,"minecraft:beef":4,"minecraft:redstone_torch":4,"minecraft:poppy":1,"minecraft:chest":2,"minecraft:birch_sapling":1,"minecraft:egg":4,"minecraft:stick":22,"minecraft:raw_iron":2,"minecraft:oak_door":7,"minecraft:torch":32,"minecraft:porkchop":4,"minecraft:diorite":9,"minecraft:stone_sword":23,"minecraft:arrow":19,"minecraft:rotten_flesh":22,"minecraft:stone_shovel":12,"minecraft:mutton":2,"minecraft:cobblestone":1078,"minecraft:oxeye_daisy":1,"minecraft:birch_log":18,"minecraft:feather":7,"minecraft:andesite":8,"minecraft:leather":3,"minecraft:oak_log":81,"minecraft:cobblestone_wall":4,"minecraft:gunpowder":3,"minecraft:lapis_lazuli":25,"minecraft:dirt":282,"minecraft:bone":12,"minecraft:apple":3,"minecraft:bow":1,"minecraft:wheat_seeds":18,"minecraft:stone_pickaxe":82,"minecraft:iron_ingot":2,"minecraft:oak_planks":14,"minecraft:iron_sword":10,"minecraft:stone_hoe":1,"minecraft:pumpkin":19,"minecraft:gravel":7,"minecraft:sand":37,"minecraft:spider_eye":5,"minecraft:stone_axe":24,"minecraft:granite":11,"minecraft:bread":1,"minecraft:oak_sapling":27,"minecraft:netherrack":2,"minecraft:coal":64},"minecraft:custom":{"minecraft:mob_kills":39,"minecraft:interact_with_crafting_table":45,"minecraft:open_barrel":40,"minecraft:leave_game":4,"minecraft:time_since_death":6884,"minecraft:sprint_one_cm":836652,"minecraft:walk_one_cm":334363,"minecraft:drop":30,"minecraft:play_time":170324,"minecraft:deaths":34,"minecraft:sneak_time":615,"minecraft:walk_under_water_one_cm":13960,"minecraft:jump":1786,"minecraft:walk_on_water_one_cm":21213,"minecraft:total_world_time":170324,"minecraft:interact_with_furnace":25,"minecraft:sleep_in_bed":2,"minecraft:time_since_rest":6933,"minecraft:damage_taken":10318,"minecraft:damage_dealt":5491,"minecraft:swim_one_cm":6755,"minecraft:fly_one_cm":262593,"minecraft:player_kills":2,"minecraft:open_chest":102,"minecraft:crouch_one_cm":1158,"minecraft:fall_one_cm":48938},"minecraft:used":{"minecraft:stone_sword":140,"minecraft:stone_shovel":42,"minecraft:oak_sign":3,"minecraft:chest":2,"minecraft:iron_sword":147,"minecraft:cooked_chicken":1,"minecraft:rotten_flesh":6,"minecraft:oak_door":3,"minecraft:torch":9,"minecraft:dirt":19,"minecraft:cobblestone_wall":34,"minecraft:glass":7,"minecraft:barrel":3,"minecraft:furnace":12,"minecraft:oak_sapling":2,"minecraft:egg":3,"minecraft:cooked_beef":4,"minecraft:pumpkin":4,"minecraft:wheat_seeds":1,"minecraft:cooked_mutton":3,"minecraft:diorite":4,"minecraft:stone_pickaxe":591,"minecraft:wooden_pickaxe":27,"minecraft:crafting_table":2,"minecraft:oak_log":1,"minecraft:apple":1,"minecraft:string":1,"minecraft:gravel":1,"minecraft:stone_axe":28,"minecraft:cobblestone":134,"minecraft:cooked_porkchop":4,"minecraft:bone_meal":6}},"DataVersion":3465}