{"stats":{"minecraft:killed_by":{"endofherobrine:cow":1,"minecraft:creeper":5,"minecraft:spider":3,"endofherobrine:sheep":1,"minecraft:chicken":1,"man:managgresive":3,"sanitydim:sneaking_terror":1,"minecraft:skeleton":5,"minecraft:zombie":3,"endofherobrine:pigman":2},"minecraft:dropped":{"minecraft:stone_hoe":1,"minecraft:bread":1,"minecraft:wheat_seeds":9,"minecraft:cooked_porkchop":1,"minecraft:cobblestone":7,"minecraft:stick":1,"minecraft:stone_sword":2,"minecraft:wheat":2,"minecraft:stone_shovel":1,"minecraft:oak_sapling":4},"minecraft:used":{"minecraft:stone_sword":126,"minecraft:stone_shovel":30,"minecraft:oak_sign":3,"minecraft:chest":2,"minecraft:iron_sword":147,"minecraft:cooked_chicken":1,"minecraft:rotten_flesh":6,"minecraft:oak_door":3,"minecraft:torch":9,"minecraft:dirt":19,"minecraft:cobblestone_wall":34,"minecraft:glass":7,"minecraft:barrel":3,"minecraft:furnace":12,"minecraft:oak_sapling":2,"minecraft:egg":3,"minecraft:cooked_beef":4,"minecraft:pumpkin":4,"minecraft:wheat_seeds":1,"minecraft:cooked_mutton":3,"minecraft:diorite":4,"minecraft:stone_pickaxe":578,"minecraft:crafting_table":1,"minecraft:oak_log":1,"minecraft:apple":1,"minecraft:string":1,"minecraft:gravel":1,"minecraft:stone_axe":28,"minecraft:cobblestone":134,"minecraft:cooked_porkchop":4,"minecraft:bone_meal":6},"minecraft:crafted":{"minecraft:oak_door":3,"minecraft:oak_planks":96,"minecraft:barrel":3,"minecraft:stone_shovel":2,"minecraft:oak_sign":3,"minecraft:cooked_chicken":1,"minecraft:furnace":12,"minecraft:bone_meal":6,"minecraft:cooked_mutton":2,"minecraft:glass":7,"minecraft:stone_pickaxe":14,"minecraft:cobblestone_wall":30,"minecraft:chest":2,"minecraft:cooked_beef":4,"minecraft:oak_slab":12,"minecraft:cooked_porkchop":5,"minecraft:crafting_table":1,"minecraft:iron_sword":1,"minecraft:stone_axe":3,"minecraft:stick":40,"minecraft:stone_sword":6,"minecraft:lapis_block":2},"minecraft:broken":{"minecraft:stone_pickaxe":3},"minecraft:killed":{"minecraft:spider":7,"minecraft:skeleton":7,"minecraft:chicken":3,"minecraft:pig":1,"minecraft:creeper":4,"minecraft:sheep":1,"minecraft:zombie":5,"endofherobrine:chicken":1,"endofherobrine:sheep":3,"minecraft:cow":2},"minecraft:custom":{"minecraft:mob_kills":35,"minecraft:interact_with_crafting_table":33,"minecraft:open_barrel":35,"minecraft:leave_game":2,"minecraft:time_since_death":471,"minecraft:sprint_one_cm":703904,"minecraft:walk_one_cm":306858,"minecraft:drop":29,"minecraft:play_time":150890,"minecraft:deaths":29,"minecraft:sneak_time":360,"minecraft:walk_under_water_one_cm":11362,"minecraft:jump":1448,"minecraft:walk_on_water_one_cm":18128,"minecraft:total_world_time":150890,"minecraft:interact_with_furnace":22,"minecraft:sleep_in_bed":2,"minecraft:time_since_rest":505,"minecraft:damage_taken":9095,"minecraft:damage_dealt":5242,"minecraft:swim_one_cm":5493,"minecraft:fly_one_cm":187480,"minecraft:player_kills":2,"minecraft:open_chest":84,"minecraft:crouch_one_cm":1158,"minecraft:fall_one_cm":39048},"minecraft:picked_up":{"minecraft:crafting_table":1,"minecraft:wheat":3,"minecraft:azure_bluet":1,"minecraft:chicken":5,"minecraft:wooden_pickaxe":1,"minecraft:cornflower":1,"minecraft:string":16,"minecraft:raw_copper":33,"minecraft:beef":4,"minecraft:redstone_torch":4,"minecraft:poppy":1,"minecraft:chest":2,"minecraft:birch_sapling":1,"minecraft:egg":3,"minecraft:stick":22,"minecraft:raw_iron":2,"minecraft:oak_door":7,"minecraft:torch":32,"minecraft:porkchop":4,"minecraft:diorite":9,"minecraft:stone_sword":22,"minecraft:arrow":19,"minecraft:rotten_flesh":22,"minecraft:stone_shovel":12,"minecraft:mutton":2,"minecraft:cobblestone":1056,"minecraft:oxeye_daisy":1,"minecraft:birch_log":18,"minecraft:feather":4,"minecraft:andesite":8,"minecraft:leather":3,"minecraft:oak_log":73,"minecraft:cobblestone_wall":4,"minecraft:gunpowder":3,"minecraft:lapis_lazuli":25,"minecraft:dirt":270,"minecraft:bone":12,"minecraft:apple":3,"minecraft:bow":1,"minecraft:wheat_seeds":17,"minecraft:stone_pickaxe":82,"minecraft:iron_ingot":2,"minecraft:oak_planks":14,"minecraft:stone_hoe":1,"minecraft:iron_sword":10,"minecraft:pumpkin":19,"minecraft:gravel":7,"minecraft:sand":37,"minecraft:spider_eye":5,"minecraft:stone_axe":24,"minecraft:granite":11,"minecraft:bread":1,"minecraft:oak_sapling":24,"minecraft:netherrack":2,"minecraft:coal":64},"minecraft:mined":{"minecraft:oak_door":1,"minecraft:granite":11,"minecraft:grass_block":9,"minecraft:oxeye_daisy":1,"minecraft:magma_block":2,"minecraft:iron_ore":2,"minecraft:andesite":8,"minecraft:pumpkin":20,"minecraft:azure_bluet":1,"minecraft:stone":435,"minecraft:tripwire":1,"minecraft:cornflower":1,"minecraft:torch":6,"minecraft:poppy":1,"minecraft:glass":2,"minecraft:tall_grass":8,"minecraft:copper_ore":10,"minecraft:cobblestone":8,"minecraft:lapis_ore":4,"minecraft:diorite":4,"minecraft:wall_torch":5,"minecraft:cobblestone_wall":4,"minecraft:birch_log":13,"minecraft:redstone_torch":1,"minecraft:wheat":1,"minecraft:birch_leaves":1,"minecraft:grass":23,"minecraft:oak_log":29,"minecraft:coal_ore":50,"minecraft:gravel":6,"minecraft:sand":37,"minecraft:dirt":50,"minecraft:netherrack":1,"minecraft:oak_leaves":13}},"DataVersion":3465}