{"stats":{"minecraft:killed_by":{"man:managgresive":3,"sanitydim:sneaking_terror":1,"minecraft:skeleton":2,"minecraft:creeper":4,"minecraft:spider":2,"minecraft:zombie":1,"endofherobrine:pigman":2,"endofherobrine:sheep":1,"minecraft:chicken":1},"minecraft:picked_up":{"minecraft:birch_log":12,"minecraft:feather":2,"minecraft:crafting_table":1,"minecraft:wheat":2,"minecraft:azure_bluet":1,"minecraft:chicken":3,"minecraft:andesite":8,"minecraft:oak_log":54,"minecraft:cornflower":1,"minecraft:string":6,"minecraft:dirt":231,"minecraft:raw_copper":33,"minecraft:bone":12,"minecraft:wheat_seeds":12,"minecraft:iron_ingot":2,"minecraft:stone_pickaxe":64,"minecraft:poppy":1,"minecraft:iron_sword":4,"minecraft:chest":2,"minecraft:stone_hoe":1,"minecraft:oak_planks":14,"minecraft:stick":18,"minecraft:raw_iron":2,"minecraft:oak_door":7,"minecraft:pumpkin":5,"minecraft:torch":19,"minecraft:gravel":6,"minecraft:porkchop":4,"minecraft:sand":11,"minecraft:diorite":9,"minecraft:spider_eye":3,"minecraft:stone_sword":12,"minecraft:arrow":19,"minecraft:rotten_flesh":17,"minecraft:stone_shovel":12,"minecraft:stone_axe":15,"minecraft:granite":11,"minecraft:bread":1,"minecraft:oak_sapling":11,"minecraft:mutton":2,"minecraft:coal":64,"minecraft:cobblestone":869,"minecraft:oxeye_daisy":1},"minecraft:crafted":{"minecraft:oak_door":3,"minecraft:oak_planks":60,"minecraft:stone_shovel":1,"minecraft:cooked_porkchop":2,"minecraft:crafting_table":1,"minecraft:iron_sword":1,"minecraft:bone_meal":6,"minecraft:stone_axe":1,"minecraft:cooked_mutton":1,"minecraft:glass":7,"minecraft:stick":24,"minecraft:stone_pickaxe":7,"minecraft:stone_sword":1,"minecraft:chest":2},"minecraft:broken":{"minecraft:stone_pickaxe":2},"minecraft:custom":{"minecraft:interact_with_furnace":9,"minecraft:mob_kills":17,"minecraft:interact_with_crafting_table":9,"minecraft:time_since_death":1657,"minecraft:time_since_rest":1685,"minecraft:sprint_one_cm":315239,"minecraft:damage_taken":6215,"minecraft:walk_one_cm":160294,"minecraft:drop":29,"minecraft:damage_dealt":2006,"minecraft:swim_one_cm":5493,"minecraft:fly_one_cm":73782,"minecraft:player_kills":1,"minecraft:open_chest":34,"minecraft:crouch_one_cm":212,"minecraft:play_time":70779,"minecraft:deaths":20,"minecraft:sneak_time":164,"minecraft:walk_under_water_one_cm":11362,"minecraft:jump":778,"minecraft:walk_on_water_one_cm":10137,"minecraft:total_world_time":70779,"minecraft:fall_one_cm":26632},"minecraft:dropped":{"minecraft:stone_hoe":1,"minecraft:bread":1,"minecraft:wheat_seeds":9,"minecraft:stone_sword":2,"minecraft:cooked_porkchop":1,"minecraft:wheat":2,"minecraft:stone_shovel":1,"minecraft:cobblestone":7,"minecraft:stick":1,"minecraft:oak_sapling":4},"minecraft:killed":{"minecraft:pig":1,"minecraft:spider":2,"minecraft:sheep":1,"minecraft:skeleton":7,"minecraft:zombie":1,"minecraft:chicken":2,"endofherobrine:chicken":1,"endofherobrine:sheep":2},"minecraft:mined":{"minecraft:oak_door":1,"minecraft:cornflower":1,"minecraft:torch":2,"minecraft:granite":11,"minecraft:grass_block":5,"minecraft:poppy":1,"minecraft:tall_grass":1,"minecraft:glass":2,"minecraft:copper_ore":10,"minecraft:cobblestone":5,"minecraft:diorite":4,"minecraft:oxeye_daisy":1,"minecraft:wall_torch":3,"minecraft:birch_log":7,"minecraft:iron_ore":2,"minecraft:andesite":8,"minecraft:birch_leaves":1,"minecraft:pumpkin":6,"minecraft:azure_bluet":1,"minecraft:grass":11,"minecraft:coal_ore":50,"minecraft:oak_log":15,"minecraft:sand":11,"minecraft:dirt":25,"minecraft:stone":298,"minecraft:oak_leaves":9},"minecraft:used":{"minecraft:cooked_mutton":1,"minecraft:diorite":4,"minecraft:stone_sword":62,"minecraft:stone_shovel":30,"minecraft:stone_pickaxe":403,"minecraft:chest":2,"minecraft:iron_sword":43,"minecraft:rotten_flesh":2,"minecraft:oak_door":3,"minecraft:torch":4,"minecraft:dirt":12,"minecraft:crafting_table":1,"minecraft:glass":7,"minecraft:gravel":1,"minecraft:stone_axe":13,"minecraft:cobblestone":99,"minecraft:oak_sapling":2,"minecraft:cooked_porkchop":1,"minecraft:pumpkin":1,"minecraft:bone_meal":6}},"DataVersion":3465}