{"stats":{"minecraft:killed_by":{"man:managgresive":3,"sanitydim:sneaking_terror":1,"minecraft:skeleton":4,"minecraft:creeper":5,"minecraft:spider":2,"minecraft:zombie":2,"endofherobrine:pigman":2,"endofherobrine:sheep":1,"minecraft:chicken":1},"minecraft:dropped":{"minecraft:stone_hoe":1,"minecraft:bread":1,"minecraft:wheat_seeds":9,"minecraft:stone_sword":2,"minecraft:cooked_porkchop":1,"minecraft:wheat":2,"minecraft:stone_shovel":1,"minecraft:cobblestone":7,"minecraft:stick":1,"minecraft:oak_sapling":4},"minecraft:used":{"minecraft:cooked_mutton":3,"minecraft:wheat_seeds":1,"minecraft:diorite":4,"minecraft:stone_sword":65,"minecraft:stone_pickaxe":574,"minecraft:stone_shovel":30,"minecraft:oak_sign":3,"minecraft:chest":2,"minecraft:iron_sword":128,"minecraft:cooked_chicken":1,"minecraft:rotten_flesh":4,"minecraft:oak_door":3,"minecraft:torch":9,"minecraft:dirt":19,"minecraft:crafting_table":1,"minecraft:cobblestone_wall":34,"minecraft:oak_log":1,"minecraft:glass":7,"minecraft:apple":1,"minecraft:string":1,"minecraft:barrel":3,"minecraft:gravel":1,"minecraft:stone_axe":16,"minecraft:cobblestone":111,"minecraft:oak_sapling":2,"minecraft:furnace":12,"minecraft:cooked_porkchop":4,"minecraft:egg":3,"minecraft:pumpkin":4,"minecraft:bone_meal":6},"minecraft:crafted":{"minecraft:oak_door":3,"minecraft:oak_slab":12,"minecraft:oak_planks":96,"minecraft:stone_shovel":1,"minecraft:oak_sign":3,"minecraft:barrel":3,"minecraft:cooked_porkchop":5,"minecraft:crafting_table":1,"minecraft:cooked_chicken":1,"minecraft:iron_sword":1,"minecraft:furnace":12,"minecraft:bone_meal":6,"minecraft:stone_axe":3,"minecraft:cooked_mutton":2,"minecraft:glass":7,"minecraft:stick":40,"minecraft:stone_pickaxe":11,"minecraft:cobblestone_wall":30,"minecraft:stone_sword":3,"minecraft:chest":2,"minecraft:lapis_block":2},"minecraft:killed":{"minecraft:pig":1,"minecraft:spider":6,"minecraft:creeper":4,"minecraft:sheep":1,"minecraft:skeleton":7,"minecraft:zombie":3,"minecraft:chicken":3,"endofherobrine:chicken":1,"endofherobrine:sheep":3},"minecraft:broken":{"minecraft:stone_pickaxe":3},"minecraft:custom":{"minecraft:interact_with_furnace":19,"minecraft:mob_kills":29,"minecraft:interact_with_crafting_table":31,"minecraft:open_barrel":29,"minecraft:leave_game":1,"minecraft:time_since_death":250,"minecraft:sleep_in_bed":2,"minecraft:time_since_rest":279,"minecraft:sprint_one_cm":566863,"minecraft:damage_taken":7680,"minecraft:walk_one_cm":285452,"minecraft:drop":29,"minecraft:damage_dealt":4235,"minecraft:swim_one_cm":5493,"minecraft:fly_one_cm":134067,"minecraft:player_kills":2,"minecraft:open_chest":79,"minecraft:crouch_one_cm":1158,"minecraft:play_time":135300,"minecraft:deaths":25,"minecraft:sneak_time":360,"minecraft:walk_under_water_one_cm":11362,"minecraft:jump":1194,"minecraft:walk_on_water_one_cm":10137,"minecraft:total_world_time":135300,"minecraft:fall_one_cm":31972},"minecraft:picked_up":{"minecraft:birch_log":12,"minecraft:crafting_table":1,"minecraft:wheat":3,"minecraft:azure_bluet":1,"minecraft:feather":4,"minecraft:chicken":5,"minecraft:andesite":8,"minecraft:oak_log":65,"minecraft:gunpowder":3,"minecraft:cobblestone_wall":4,"minecraft:dirt":268,"minecraft:cornflower":1,"minecraft:lapis_lazuli":25,"minecraft:string":13,"minecraft:raw_copper":33,"minecraft:bone":12,"minecraft:apple":3,"minecraft:wheat_seeds":15,"minecraft:iron_ingot":2,"minecraft:stone_pickaxe":73,"minecraft:redstone_torch":3,"minecraft:poppy":1,"minecraft:iron_sword":8,"minecraft:chest":2,"minecraft:stone_hoe":1,"minecraft:oak_planks":14,"minecraft:egg":2,"minecraft:raw_iron":2,"minecraft:stick":20,"minecraft:oak_door":7,"minecraft:pumpkin":19,"minecraft:torch":32,"minecraft:gravel":7,"minecraft:porkchop":4,"minecraft:sand":11,"minecraft:diorite":9,"minecraft:spider_eye":4,"minecraft:stone_sword":16,"minecraft:arrow":19,"minecraft:stone_shovel":12,"minecraft:rotten_flesh":19,"minecraft:stone_axe":21,"minecraft:granite":11,"minecraft:bread":1,"minecraft:oak_sapling":19,"minecraft:mutton":2,"minecraft:coal":64,"minecraft:cobblestone":1056,"minecraft:oxeye_daisy":1},"minecraft:mined":{"minecraft:oak_door":1,"minecraft:cornflower":1,"minecraft:torch":6,"minecraft:granite":11,"minecraft:grass_block":9,"minecraft:poppy":1,"minecraft:copper_ore":10,"minecraft:tall_grass":1,"minecraft:glass":2,"minecraft:cobblestone":8,"minecraft:lapis_ore":4,"minecraft:oxeye_daisy":1,"minecraft:wall_torch":5,"minecraft:diorite":4,"minecraft:cobblestone_wall":4,"minecraft:redstone_torch":1,"minecraft:birch_log":7,"minecraft:iron_ore":2,"minecraft:wheat":1,"minecraft:birch_leaves":1,"minecraft:andesite":8,"minecraft:pumpkin":20,"minecraft:azure_bluet":1,"minecraft:grass":18,"minecraft:coal_ore":50,"minecraft:oak_log":23,"minecraft:sand":11,"minecraft:gravel":6,"minecraft:dirt":50,"minecraft:stone":435,"minecraft:oak_leaves":13,"minecraft:tripwire":1}},"DataVersion":3465}