{"stats":{"minecraft:picked_up":{"minecraft:wheat":4,"minecraft:redstone_block":2,"minecraft:oak_stairs":169,"minecraft:string":15,"minecraft:raw_copper":63,"minecraft:iron_leggings":1,"minecraft:sticky_piston":3,"minecraft:beetroot":3,"minecraft:deepslate_tiles":1,"minecraft:diamond_leggings":1,"minecraft:cobbled_deepslate":94,"minecraft:smooth_stone":5,"minecraft:comparator":1,"minecraft:rose_bush":6,"minecraft:cobblestone_slab":3,"minecraft:iron_pickaxe":2,"minecraft:furnace":4,"minecraft:stick":4,"minecraft:oak_fence":6,"minecraft:torch":59,"minecraft:porkchop":7,"minecraft:target":1,"minecraft:cherry_log":12,"minecraft:diorite":87,"minecraft:stone_sword":2,"minecraft:rotten_flesh":68,"minecraft:carved_pumpkin":2,"minecraft:white_terracotta":54,"minecraft:deepslate_brick_stairs":1,"minecraft:obsidian":1,"minecraft:snowball":196,"minecraft:cobblestone":571,"minecraft:pink_petals":197,"minecraft:feather":14,"minecraft:repeater":3,"minecraft:cherry_planks":6,"minecraft:andesite":13,"minecraft:potato":8,"minecraft:flint":2,"minecraft:tuff":8,"minecraft:lapis_lazuli":51,"minecraft:dirt":262,"minecraft:bone":21,"minecraft:wheat_seeds":36,"minecraft:raw_gold":31,"minecraft:stone_hoe":3,"minecraft:oak_planks":107,"minecraft:oak_pressure_plate":1,"minecraft:sand":12,"minecraft:dark_oak_log":7,"minecraft:barrel":1,"minecraft:mossy_cobblestone":16,"minecraft:yellow_carpet":8,"minecraft:diamond":12,"minecraft:crossbow":4,"minecraft:granite":11,"minecraft:grass":2,"minecraft:bone_meal":2,"minecraft:emerald":2,"minecraft:oak_sapling":2,"minecraft:bricks":1,"minecraft:dark_oak_fence":7,"minecraft:charcoal":4,"minecraft:crafting_table":5,"minecraft:azure_bluet":5,"minecraft:chicken":10,"minecraft:ladder":9,"minecraft:redstone_lamp":2,"minecraft:wooden_pickaxe":1,"minecraft:cornflower":3,"minecraft:oak_trapdoor":5,"minecraft:white_carpet":8,"minecraft:beef":10,"minecraft:poppy":3,"minecraft:sugar_cane":22,"minecraft:chest":1,"minecraft:egg":10,"minecraft:raw_iron":96,"minecraft:oak_door":7,"minecraft:carrot":80,"minecraft:redstone":53,"minecraft:arrow":18,"minecraft:stone_shovel":2,"minecraft:beetroot_seeds":15,"minecraft:shears":1,"minecraft:deepslate_bricks":1,"minecraft:hay_block":28,"minecraft:cracked_deepslate_bricks":1,"minecraft:mutton":8,"minecraft:skeleton_skull":2,"minecraft:white_wool":26,"minecraft:oxeye_daisy":3,"minecraft:cracked_deepslate_tiles":2,"minecraft:stripped_oak_log":16,"minecraft:tripwire_hook":1,"minecraft:salmon":2,"minecraft:leather":6,"minecraft:birch_planks":2,"minecraft:oak_log":58,"minecraft:yellow_bed":11,"minecraft:gunpowder":6,"minecraft:cobblestone_stairs":7,"simpletomb:grave_key":1,"sanitydim:garland":3,"minecraft:white_banner":1,"minecraft:apple":1,"minecraft:gray_carpet":52,"minecraft:stone_pickaxe":1,"minecraft:gray_bed":1,"minecraft:iron_sword":6,"minecraft:oak_slab":32,"minecraft:pumpkin":2,"minecraft:dandelion":176,"minecraft:spyglass":1,"minecraft:raw_iron_block":1,"minecraft:gravel":69,"minecraft:blast_furnace":4,"minecraft:white_bed":3,"minecraft:spider_eye":3,"minecraft:cherry_sapling":1,"minecraft:mossy_cobblestone_stairs":1,"minecraft:gray_wool":165,"minecraft:black_wool":1,"minecraft:coal":175},"minecraft:mined":{"minecraft:white_bed":3,"minecraft:cherry_log":14,"minecraft:cobblestone_stairs":5,"minecraft:sculk_vein":79,"minecraft:obsidian":1,"minecraft:carved_pumpkin":2,"minecraft:granite":2,"minecraft:grass_block":68,"minecraft:yellow_carpet":8,"minecraft:deepslate_bricks":1,"minecraft:oxeye_daisy":3,"minecraft:smooth_stone":2,"minecraft:tall_seagrass":1,"minecraft:raw_iron_block":1,"minecraft:sculk_catalyst":31,"minecraft:mossy_cobblestone_stairs":1,"minecraft:sticky_piston":3,"minecraft:iron_ore":77,"minecraft:cobbled_deepslate":4,"minecraft:barrel":1,"minecraft:target":1,"minecraft:pumpkin":2,"minecraft:deepslate_lapis_ore":3,"minecraft:azure_bluet":4,"minecraft:sculk_shrieker":8,"minecraft:dirt_path":19,"minecraft:oak_stairs":169,"minecraft:deepslate_brick_stairs":1,"minecraft:deepslate_redstone_ore":8,"minecraft:soul_fire":7,"minecraft:powder_snow":33,"minecraft:torch":1,"minecraft:blast_furnace":4,"minecraft:poppy":3,"minecraft:chest":2,"minecraft:cobblestone":165,"minecraft:sugar_cane":10,"minecraft:oak_planks":100,"minecraft:bricks":1,"minecraft:wall_torch":7,"minecraft:pink_petals":49,"minecraft:skeleton_skull":2,"minecraft:white_terracotta":56,"minecraft:repeater":3,"minecraft:grass":178,"minecraft:oak_log":55,"minecraft:beetroots":3,"minecraft:dirt":79,"minecraft:oak_leaves":12,"minecraft:deepslate":119,"minecraft:redstone_lamp":2,"minecraft:deepslate_tiles":2,"minecraft:tuff":17,"minecraft:mossy_cobblestone":17,"minecraft:deepslate_diamond_ore":9,"minecraft:oak_door":4,"minecraft:dark_oak_log":8,"minecraft:dark_oak_fence":10,"minecraft:redstone_wire":1,"minecraft:hay_block":19,"minecraft:redstone_ore":5,"minecraft:oak_trapdoor":6,"minecraft:furnace":4,"minecraft:carrots":20,"minecraft:snow":5,"minecraft:andesite":10,"minecraft:chiseled_deepslate":1,"minecraft:deepslate_iron_ore":20,"minecraft:cobblestone_slab":3,"minecraft:stripped_oak_log":16,"minecraft:stone":325,"minecraft:oak_slab":30,"minecraft:redstone_block":2,"minecraft:glass_pane":17,"minecraft:cherry_planks":2,"minecraft:comparator":1,"minecraft:snow_block":42,"minecraft:dandelion":180,"minecraft:crafting_table":4,"minecraft:cornflower":3,"minecraft:emerald_ore":2,"minecraft:rose_bush":7,"minecraft:sculk_sensor":174,"minecraft:campfire":2,"minecraft:copper_ore":12,"minecraft:tall_grass":35,"minecraft:lapis_ore":3,"minecraft:deepslate_gold_ore":31,"minecraft:cracked_deepslate_bricks":1,"minecraft:sculk":265,"minecraft:diorite":14,"minecraft:gray_wool":113,"minecraft:gray_bed":1,"minecraft:white_carpet":8,"minecraft:yellow_bed":10,"minecraft:coal_ore":176,"minecraft:cherry_leaves":2,"minecraft:gravel":4,"minecraft:gray_carpet":52,"minecraft:gold_ore":4},"minecraft:killed":{"minecraft:spider":11,"minecraft:skeleton":12,"minecraft:chicken":10,"minecraft:pig":2,"minecraft:salmon":3,"minecraft:creeper":2,"minecraft:sheep":5,"minecraft:pillager":20,"minecraft:zombie":28,"endofherobrine:cow":1,"minecraft:cow":5,"endofherobrine:rabbit":1,"endofherobrine:sheep":1,"minecraft:enderman":1},"minecraft:crafted":{"minecraft:oak_planks":212,"minecraft:smooth_stone":17,"minecraft:cobblestone_slab":30,"minecraft:barrel":4,"minecraft:cooked_chicken":4,"minecraft:stone":17,"minecraft:cooked_mutton":2,"minecraft:iron_boots":3,"minecraft:chest":3,"minecraft:stone_hoe":1,"minecraft:gray_bed":2,"minecraft:oak_slab":78,"minecraft:cooked_porkchop":3,"minecraft:crafting_table":16,"minecraft:wooden_pickaxe":1,"minecraft:campfire":2,"minecraft:iron_chestplate":2,"minecraft:diamond_pickaxe":2,"minecraft:shield":5,"minecraft:stick":148,"minecraft:iron_pickaxe":4,"minecraft:iron_ingot":96,"minecraft:stone_sword":1,"minecraft:gold_ingot":13,"minecraft:shears":1,"minecraft:wooden_sword":1,"minecraft:oak_door":3,"minecraft:raw_iron":9,"minecraft:stone_shovel":2,"minecraft:fishing_rod":1,"minecraft:tripwire_hook":2,"minecraft:golden_chestplate":1,"minecraft:iron_nugget":9,"minecraft:furnace":4,"sanitydim:garland":15,"minecraft:white_carpet":24,"minecraft:lantern":1,"minecraft:ladder":9,"minecraft:iron_hoe":2,"minecraft:stone_pickaxe":5,"minecraft:dark_oak_planks":28,"minecraft:wheat":171,"minecraft:cooked_beef":1,"minecraft:crossbow":1,"minecraft:diamond_sword":1,"minecraft:iron_sword":2,"minecraft:bucket":3,"minecraft:stone_axe":3,"minecraft:bread":60,"minecraft:wooden_axe":2,"minecraft:white_bed":1,"minecraft:torch":276},"minecraft:custom":{"minecraft:interact_with_crafting_table":115,"minecraft:open_barrel":61,"minecraft:bell_ring":1,"minecraft:leave_game":7,"minecraft:time_since_death":4599,"minecraft:sprint_one_cm":1461251,"minecraft:damage_blocked_by_shield":8780,"minecraft:drop":329,"minecraft:talked_to_villager":1,"minecraft:play_time":568353,"minecraft:deaths":56,"minecraft:jump":6162,"minecraft:walk_on_water_one_cm":28060,"minecraft:enchant_item":2,"minecraft:interact_with_furnace":57,"minecraft:interact_with_cartography_table":1,"minecraft:sleep_in_bed":28,"minecraft:damage_dealt":26328,"minecraft:player_kills":2,"minecraft:crouch_one_cm":273025,"minecraft:mob_kills":119,"minecraft:climb_one_cm":12573,"minecraft:walk_one_cm":1592972,"minecraft:sneak_time":83967,"minecraft:walk_under_water_one_cm":8816,"minecraft:interact_with_blast_furnace":19,"minecraft:total_world_time":568353,"minecraft:time_since_rest":4631,"minecraft:damage_taken":21606,"minecraft:swim_one_cm":5346,"minecraft:fly_one_cm":731834,"minecraft:open_chest":121,"minecraft:fall_one_cm":195849},"minecraft:used":{"minecraft:beetroot":3,"minecraft:ladder":4,"minecraft:chest":4,"minecraft:white_terracotta":52,"minecraft:shield":154,"minecraft:iron_sword":448,"minecraft:bell":1,"minecraft:sculk_sensor":5,"minecraft:carrot":114,"minecraft:snowball":73,"minecraft:lava_bucket":3,"minecraft:lantern":1,"minecraft:furnace":8,"minecraft:gray_bed":3,"minecraft:skeleton_skull":2,"minecraft:egg":1,"minecraft:potato":10,"minecraft:diorite":2,"minecraft:stone_pickaxe":347,"minecraft:oak_planks":33,"minecraft:wooden_pickaxe":31,"minecraft:sugar_cane":1,"minecraft:glow_berries":13,"minecraft:sand":9,"minecraft:blast_furnace":3,"minecraft:crossbow":20,"minecraft:shears":54,"minecraft:bread":31,"minecraft:oak_pressure_plate":2,"minecraft:diamond_sword":489,"minecraft:wooden_sword":133,"minecraft:dark_oak_fence":5,"minecraft:bone_meal":1,"minecraft:oak_trapdoor":1,"minecraft:stone_sword":115,"minecraft:stone_shovel":160,"minecraft:cooked_chicken":2,"minecraft:stone_hoe":111,"simpletomb:grave_key":116,"minecraft:oak_door":4,"minecraft:torch":265,"minecraft:dirt":58,"minecraft:spyglass":8,"minecraft:white_carpet":4,"minecraft:yellow_carpet":4,"minecraft:granite":1,"minecraft:iron_hoe":422,"minecraft:wooden_axe":70,"minecraft:oak_stairs":13,"minecraft:barrel":5,"minecraft:beef":6,"minecraft:goat_horn":6,"minecraft:cobbled_deepslate":20,"minecraft:cooked_mutton":2,"minecraft:water_bucket":13,"minecraft:birch_planks":2,"minecraft:cartography_table":1,"minecraft:cobblestone_slab":27,"minecraft:mossy_cobblestone":13,"minecraft:oak_slab":102,"minecraft:crafting_table":18,"minecraft:white_bed":4,"minecraft:campfire":2,"minecraft:oak_log":1,"minecraft:diamond_pickaxe":48,"minecraft:apple":8,"minecraft:chicken":7,"minecraft:iron_pickaxe":804,"minecraft:stone_axe":345,"minecraft:cobblestone":182,"minecraft:potion":2,"minecraft:porkchop":3,"minecraft:cooked_porkchop":3,"minecraft:bucket":17,"minecraft:yellow_bed":11,"minecraft:stripped_oak_log":14,"minecraft:gray_wool":118,"minecraft:soul_torch":5},"minecraft:dropped":{"minecraft:iron_sword":6,"minecraft:porkchop":1,"minecraft:lapis_lazuli":3,"minecraft:glass_bottle":1,"minecraft:diamond":3,"minecraft:crafting_table":2,"minecraft:crossbow":1,"minecraft:dirt":13,"minecraft:cornflower":1,"minecraft:snowball":110,"minecraft:wooden_sword":1,"minecraft:sand":3,"minecraft:iron_pickaxe":3,"minecraft:white_wool":1,"minecraft:gravel":3,"minecraft:sugar_cane":1,"minecraft:cobbled_deepslate":5,"minecraft:rotten_flesh":5,"minecraft:oak_planks":19,"minecraft:carrot":7,"minecraft:beetroot_seeds":4,"minecraft:ladder":9,"minecraft:bread":21,"minecraft:stone_hoe":3,"minecraft:iron_ingot":19,"minecraft:wheat_seeds":4,"simpletomb:grave_key":3,"minecraft:feather":5,"minecraft:book":12,"minecraft:granite":5,"minecraft:coal":32,"minecraft:gray_wool":10,"minecraft:diorite":2,"minecraft:torch":34,"minecraft:wooden_axe":1,"minecraft:iron_leggings":1,"minecraft:string":2,"minecraft:pink_petals":28,"minecraft:tripwire_hook":1,"minecraft:dandelion":23,"minecraft:stone_sword":3,"minecraft:raw_copper":18,"minecraft:tuff":1,"minecraft:stone_shovel":3,"minecraft:raw_iron":9,"minecraft:shears":1,"minecraft:blast_furnace":1,"minecraft:shield":1,"minecraft:diamond_pickaxe":1,"minecraft:andesite":3,"sanitydim:garland":6,"minecraft:stone_pickaxe":4,"minecraft:wooden_pickaxe":1},"minecraft:broken":{"minecraft:iron_boots":1,"sanitydim:garland":10,"minecraft:stone_pickaxe":1,"minecraft:stone_axe":2,"minecraft:iron_sword":1,"minecraft:golden_chestplate":1,"minecraft:iron_hoe":1,"minecraft:shield":3,"minecraft:iron_pickaxe":2},"minecraft:killed_by":{"endofherobrine:cow":2,"minecraft:creeper":1,"minecraft:pillager":4,"endofherobrine:sheep":1,"sanitydim:rotting_stalker":3,"man:managgresive":7,"sanitydim:sneaking_terror":1,"minecraft:witch":1,"minecraft:zombie":1,"minecraft:player":1,"minecraft:spider":3,"minecraft:enderman":1,"minecraft:warden":16,"minecraft:skeleton":3,"endofherobrine:pigman":1,"cave_dweller:cave_dweller":3}},"DataVersion":3465}