{"stats":{"minecraft:killed_by":{"minecraft:skeleton":1,"minecraft:creeper":4,"minecraft:spider":1,"minecraft:zombie":1},"minecraft:picked_up":{"minecraft:birch_log":7,"minecraft:raw_iron":2,"minecraft:stick":11,"minecraft:andesite":7,"minecraft:torch":1,"minecraft:gravel":5,"minecraft:oak_log":15,"minecraft:dirt":103,"minecraft:string":2,"minecraft:raw_copper":33,"minecraft:arrow":14,"minecraft:stone_shovel":2,"minecraft:stone_sword":2,"minecraft:bone":8,"minecraft:rotten_flesh":12,"minecraft:stone_axe":2,"minecraft:granite":7,"minecraft:stone_pickaxe":13,"minecraft:oak_sapling":5,"minecraft:oak_planks":10,"minecraft:coal":33,"minecraft:cobblestone":185},"minecraft:crafted":{"minecraft:oak_planks":36,"minecraft:stone_shovel":1,"minecraft:crafting_table":1,"minecraft:stick":24,"minecraft:stone_pickaxe":7,"minecraft:stone_sword":1,"minecraft:stone_axe":1},"minecraft:broken":{"minecraft:stone_pickaxe":1},"minecraft:custom":{"minecraft:time_since_rest":3203,"minecraft:interact_with_furnace":1,"minecraft:sprint_one_cm":85437,"minecraft:damage_taken":2135,"minecraft:walk_one_cm":34937,"minecraft:mob_kills":3,"minecraft:damage_dealt":430,"minecraft:swim_one_cm":2136,"minecraft:interact_with_crafting_table":4,"minecraft:fly_one_cm":19906,"minecraft:open_chest":7,"minecraft:play_time":22779,"minecraft:deaths":7,"minecraft:sneak_time":11,"minecraft:walk_under_water_one_cm":5001,"minecraft:jump":206,"minecraft:walk_on_water_one_cm":1207,"minecraft:time_since_death":3168,"minecraft:total_world_time":22779,"minecraft:fall_one_cm":4616},"minecraft:mined":{"minecraft:iron_ore":2,"minecraft:birch_log":7,"minecraft:birch_leaves":1,"minecraft:andesite":7,"minecraft:granite":7,"minecraft:grass_block":3,"minecraft:oak_log":15,"minecraft:coal_ore":33,"minecraft:dirt":12,"minecraft:copper_ore":10,"minecraft:stone":116,"minecraft:oak_leaves":9},"minecraft:killed":{"minecraft:skeleton":3},"minecraft:used":{"minecraft:stone_sword":17,"minecraft:stone_shovel":8,"minecraft:stone_pickaxe":177,"minecraft:stone_axe":12,"minecraft:torch":1,"minecraft:cobblestone":31,"minecraft:oak_sapling":2}},"DataVersion":3465}