{"stats":{"minecraft:dropped":{"minecraft:iron_sword":6,"minecraft:porkchop":1,"minecraft:lapis_lazuli":3,"minecraft:glass_bottle":1,"minecraft:diamond":3,"minecraft:crafting_table":2,"minecraft:crossbow":2,"minecraft:glow_berries":9,"minecraft:cracked_stone_bricks":1,"minecraft:dirt":13,"minecraft:dark_oak_log":12,"minecraft:stone_button":3,"minecraft:cornflower":1,"minecraft:cracked_deepslate_tiles":2,"minecraft:snowball":110,"minecraft:wooden_sword":1,"minecraft:sand":3,"minecraft:iron_pickaxe":3,"minecraft:white_wool":1,"minecraft:gravel":3,"minecraft:stone_axe":1,"minecraft:sugar_cane":1,"minecraft:cooked_chicken":1,"minecraft:cobbled_deepslate":5,"minecraft:rotten_flesh":7,"minecraft:oak_planks":19,"minecraft:carrot":7,"minecraft:beetroot_seeds":4,"minecraft:ladder":9,"minecraft:stone_hoe":3,"minecraft:iron_ingot":19,"minecraft:bread":27,"minecraft:wheat_seeds":4,"simpletomb:grave_key":3,"minecraft:feather":5,"minecraft:book":12,"minecraft:granite":5,"minecraft:coal":32,"minecraft:gray_wool":10,"minecraft:diorite":2,"minecraft:torch":39,"minecraft:wooden_axe":1,"minecraft:iron_leggings":2,"minecraft:string":2,"minecraft:pink_petals":28,"minecraft:tripwire_hook":1,"minecraft:dandelion":23,"minecraft:stone_sword":3,"minecraft:raw_copper":18,"minecraft:tuff":1,"minecraft:stone_shovel":4,"minecraft:raw_iron":9,"minecraft:shears":1,"minecraft:blast_furnace":1,"minecraft:hay_block":2,"minecraft:shield":1,"minecraft:diamond_pickaxe":1,"minecraft:andesite":3,"sanitydim:garland":6,"minecraft:stone_pickaxe":4,"minecraft:wooden_pickaxe":1},"minecraft:killed_by":{"endofherobrine:cow":2,"minecraft:creeper":2,"minecraft:pillager":15,"endofherobrine:sheep":1,"sanitydim:rotting_stalker":3,"endofherobrine:chicken":1,"man:managgresive":13,"sanitydim:sneaking_terror":1,"minecraft:witch":1,"minecraft:zombie":1,"minecraft:player":2,"minecraft:spider":3,"minecraft:enderman":2,"minecraft:warden":21,"minecraft:skeleton":3,"endofherobrine:pigman":1,"cave_dweller:cave_dweller":4},"minecraft:crafted":{"minecraft:smooth_stone":17,"minecraft:oak_planks":240,"minecraft:barrel":4,"minecraft:cobblestone_slab":126,"minecraft:cooked_chicken":6,"minecraft:stone":17,"minecraft:cooked_mutton":8,"minecraft:glass":20,"minecraft:iron_boots":3,"minecraft:chest":3,"minecraft:stone_hoe":1,"minecraft:oak_fence":3,"minecraft:gray_bed":3,"minecraft:oak_slab":78,"minecraft:cooked_porkchop":3,"minecraft:crafting_table":18,"minecraft:wooden_pickaxe":1,"minecraft:hay_block":1,"minecraft:campfire":2,"minecraft:iron_chestplate":2,"minecraft:diamond_pickaxe":2,"minecraft:shield":5,"minecraft:stick":188,"minecraft:iron_ingot":96,"minecraft:iron_pickaxe":4,"minecraft:stone_sword":1,"minecraft:gold_ingot":35,"minecraft:gray_carpet":18,"minecraft:dark_oak_fence_gate":1,"minecraft:shears":1,"minecraft:wooden_sword":1,"minecraft:oak_door":3,"minecraft:raw_iron":9,"minecraft:stone_shovel":4,"minecraft:fishing_rod":1,"minecraft:tripwire_hook":2,"minecraft:golden_chestplate":1,"minecraft:iron_nugget":9,"minecraft:furnace":4,"sanitydim:garland":19,"minecraft:white_carpet":24,"minecraft:lantern":1,"minecraft:dark_oak_fence":6,"minecraft:ladder":15,"minecraft:iron_hoe":2,"minecraft:stone_pickaxe":5,"minecraft:cobblestone_wall":78,"minecraft:dark_oak_planks":28,"minecraft:wheat":189,"minecraft:cooked_beef":1,"minecraft:crossbow":1,"minecraft:diamond_sword":1,"minecraft:iron_sword":2,"minecraft:bucket":3,"minecraft:stone_axe":4,"minecraft:bread":60,"minecraft:wooden_axe":2,"minecraft:white_bed":1,"minecraft:torch":336},"minecraft:killed":{"endofherobrine:silverfish":11,"minecraft:spider":14,"minecraft:skeleton":16,"minecraft:chicken":10,"minecraft:pig":3,"minecraft:salmon":3,"minecraft:creeper":6,"minecraft:sheep":10,"minecraft:pillager":53,"minecraft:zombie":33,"endofherobrine:chicken":1,"endofherobrine:cow":1,"minecraft:cow":5,"minecraft:vindicator":1,"endofherobrine:rabbit":1,"endofherobrine:sheep":1,"minecraft:enderman":1},"minecraft:used":{"minecraft:beetroot":3,"minecraft:ladder":21,"minecraft:diamond_hoe":260,"minecraft:chest":4,"minecraft:white_terracotta":52,"minecraft:shield":180,"minecraft:iron_sword":448,"minecraft:bell":1,"minecraft:sculk_sensor":5,"minecraft:mutton":2,"minecraft:carrot":116,"minecraft:snowball":73,"minecraft:obsidian":13,"minecraft:glass":17,"minecraft:lava_bucket":11,"minecraft:lantern":1,"minecraft:oak_sapling":2,"minecraft:furnace":8,"minecraft:gray_bed":6,"minecraft:beetroot_seeds":29,"minecraft:skeleton_skull":2,"minecraft:egg":3,"minecraft:potato":10,"minecraft:diorite":3,"minecraft:stone_pickaxe":347,"minecraft:gray_carpet":61,"minecraft:oak_planks":34,"minecraft:wooden_pickaxe":31,"minecraft:sugar_cane":2,"minecraft:glow_berries":87,"minecraft:sand":9,"minecraft:blast_furnace":3,"minecraft:crossbow":28,"minecraft:shears":58,"minecraft:deepslate_tiles":1,"minecraft:bread":41,"minecraft:oak_pressure_plate":2,"minecraft:gravel":2,"minecraft:wooden_sword":133,"minecraft:diamond_sword":1050,"minecraft:dark_oak_fence":13,"minecraft:bone_meal":1,"minecraft:experience_bottle":5,"minecraft:oak_fence":29,"minecraft:oak_trapdoor":1,"minecraft:stone_sword":115,"minecraft:cracked_deepslate_bricks":2,"minecraft:stone_shovel":312,"minecraft:cooked_chicken":5,"minecraft:stone_hoe":111,"simpletomb:grave_key":152,"minecraft:oak_door":5,"minecraft:torch":372,"minecraft:dirt":312,"minecraft:spyglass":8,"minecraft:white_carpet":4,"minecraft:cobblestone_wall":84,"minecraft:yellow_carpet":4,"minecraft:granite":1,"minecraft:oak_fence_gate":4,"minecraft:iron_hoe":433,"minecraft:wooden_axe":70,"minecraft:oak_stairs":17,"minecraft:barrel":5,"minecraft:beef":6,"minecraft:goat_horn":6,"minecraft:cooked_beef":1,"minecraft:cobbled_deepslate":33,"minecraft:powder_snow_bucket":3,"minecraft:wheat_seeds":122,"minecraft:cooked_mutton":8,"minecraft:water_bucket":39,"minecraft:birch_planks":2,"minecraft:lead":1,"minecraft:cartography_table":1,"minecraft:cobblestone_slab":139,"minecraft:deepslate_bricks":1,"minecraft:salmon":2,"minecraft:mossy_cobblestone":13,"minecraft:oak_slab":106,"minecraft:crafting_table":24,"minecraft:dark_oak_fence_gate":1,"minecraft:white_bed":4,"minecraft:campfire":2,"minecraft:oak_log":1,"minecraft:diamond_pickaxe":626,"minecraft:apple":8,"minecraft:chicken":7,"minecraft:iron_pickaxe":804,"minecraft:stone_axe":455,"minecraft:fishing_rod":12,"minecraft:cobblestone":429,"minecraft:potion":4,"minecraft:white_banner":4,"minecraft:porkchop":6,"minecraft:cooked_porkchop":3,"minecraft:bucket":55,"minecraft:yellow_bed":18,"minecraft:stripped_oak_log":14,"minecraft:dandelion":3,"minecraft:gray_wool":149,"minecraft:soul_torch":26},"minecraft:picked_up":{"minecraft:wheat":40,"minecraft:redstone_block":2,"minecraft:lead":5,"minecraft:oak_stairs":204,"minecraft:string":16,"minecraft:raw_copper":93,"minecraft:iron_leggings":1,"minecraft:sticky_piston":3,"minecraft:beetroot":16,"minecraft:deepslate_tiles":3,"minecraft:diamond_leggings":1,"minecraft:cobbled_deepslate":173,"minecraft:smooth_stone":5,"minecraft:comparator":1,"minecraft:rose_bush":6,"minecraft:cobblestone_slab":19,"minecraft:iron_pickaxe":2,"minecraft:furnace":4,"minecraft:stick":9,"minecraft:oak_fence":27,"minecraft:torch":77,"minecraft:porkchop":10,"minecraft:target":1,"minecraft:cherry_log":12,"minecraft:diorite":96,"minecraft:stone_sword":2,"minecraft:rotten_flesh":76,"minecraft:carved_pumpkin":2,"minecraft:white_terracotta":54,"minecraft:deepslate_brick_stairs":3,"minecraft:obsidian":4,"minecraft:snowball":196,"minecraft:cobblestone":997,"minecraft:pink_petals":269,"minecraft:feather":15,"minecraft:repeater":3,"minecraft:cherry_planks":6,"minecraft:water_bucket":1,"minecraft:andesite":19,"minecraft:potato":8,"minecraft:flint":2,"minecraft:tuff":13,"minecraft:lapis_lazuli":51,"minecraft:dirt":720,"minecraft:bone":27,"minecraft:wheat_seeds":151,"minecraft:raw_gold":31,"minecraft:stone_hoe":3,"minecraft:oak_planks":108,"minecraft:oak_pressure_plate":2,"minecraft:sand":32,"minecraft:dark_oak_log":19,"minecraft:barrel":1,"minecraft:mossy_cobblestone":16,"minecraft:yellow_carpet":8,"minecraft:diamond":12,"minecraft:crossbow":6,"minecraft:granite":18,"minecraft:grass":2,"minecraft:bone_meal":2,"minecraft:emerald":2,"minecraft:bread":2,"minecraft:oak_sapling":2,"minecraft:dark_oak_fence":7,"minecraft:bricks":1,"minecraft:charcoal":4,"minecraft:crafting_table":8,"minecraft:azure_bluet":5,"minecraft:chicken":12,"minecraft:ladder":15,"minecraft:clay_ball":16,"minecraft:redstone_lamp":2,"minecraft:wooden_pickaxe":1,"minecraft:cornflower":4,"minecraft:oak_trapdoor":5,"minecraft:white_carpet":8,"minecraft:cracked_stone_bricks":1,"minecraft:beef":10,"minecraft:poppy":4,"minecraft:sugar_cane":34,"minecraft:chest":1,"minecraft:egg":13,"minecraft:raw_iron":107,"minecraft:oak_door":7,"minecraft:stone_button":3,"minecraft:carrot":82,"minecraft:redstone":53,"minecraft:dark_oak_planks":12,"minecraft:arrow":25,"minecraft:stone_shovel":3,"minecraft:beetroot_seeds":63,"minecraft:shears":1,"minecraft:deepslate_bricks":2,"minecraft:hay_block":29,"minecraft:cracked_deepslate_bricks":3,"minecraft:mutton":16,"minecraft:skeleton_skull":2,"minecraft:white_wool":35,"minecraft:oxeye_daisy":3,"minecraft:cracked_deepslate_tiles":4,"minecraft:stripped_oak_log":16,"minecraft:tripwire_hook":1,"minecraft:salmon":2,"minecraft:leather":6,"minecraft:birch_planks":30,"minecraft:oak_log":63,"minecraft:cobblestone_wall":6,"minecraft:yellow_bed":18,"minecraft:gunpowder":11,"minecraft:cobblestone_stairs":7,"simpletomb:grave_key":1,"sanitydim:garland":3,"minecraft:white_banner":8,"minecraft:apple":1,"minecraft:gray_carpet":60,"minecraft:oak_fence_gate":4,"minecraft:stone_pickaxe":1,"minecraft:stripped_oak_wood":2,"minecraft:gray_bed":3,"minecraft:iron_sword":6,"minecraft:oak_slab":36,"minecraft:dark_oak_slab":4,"minecraft:pumpkin":2,"minecraft:dandelion":210,"minecraft:spyglass":1,"minecraft:raw_iron_block":1,"minecraft:gravel":71,"minecraft:soul_torch":3,"minecraft:blast_furnace":4,"minecraft:white_bed":3,"minecraft:dark_oak_fence_gate":1,"minecraft:spider_eye":3,"minecraft:cherry_sapling":1,"minecraft:mossy_cobblestone_stairs":1,"minecraft:gray_wool":180,"minecraft:black_wool":1,"minecraft:coal":213},"minecraft:mined":{"minecraft:dark_oak_planks":1,"minecraft:white_bed":3,"minecraft:farmland":6,"minecraft:cobblestone_stairs":5,"minecraft:sculk_vein":90,"minecraft:cherry_log":14,"minecraft:carved_pumpkin":2,"minecraft:obsidian":4,"minecraft:granite":9,"minecraft:grass_block":206,"minecraft:yellow_carpet":8,"minecraft:deepslate_bricks":2,"minecraft:oxeye_daisy":3,"minecraft:smooth_stone":2,"minecraft:tall_seagrass":1,"minecraft:raw_iron_block":1,"minecraft:sculk_catalyst":44,"minecraft:mossy_cobblestone_stairs":1,"minecraft:iron_ore":88,"minecraft:cobbled_deepslate":4,"minecraft:fire":7,"minecraft:sticky_piston":3,"minecraft:barrel":1,"minecraft:target":1,"minecraft:pumpkin":2,"minecraft:deepslate_lapis_ore":3,"minecraft:azure_bluet":4,"minecraft:sculk_shrieker":12,"minecraft:dirt_path":28,"minecraft:oak_stairs":205,"minecraft:deepslate_brick_stairs":3,"minecraft:white_banner":3,"minecraft:deepslate_redstone_ore":8,"minecraft:soul_wall_torch":3,"minecraft:soul_fire":8,"minecraft:powder_snow":34,"minecraft:clay":4,"minecraft:torch":4,"minecraft:blast_furnace":4,"minecraft:poppy":4,"minecraft:chest":3,"minecraft:glass":1,"minecraft:cobblestone":207,"minecraft:oak_planks":101,"minecraft:sugar_cane":16,"minecraft:bricks":1,"minecraft:wall_torch":18,"minecraft:skeleton_skull":2,"minecraft:pink_petals":58,"minecraft:white_terracotta":56,"minecraft:repeater":3,"minecraft:dark_oak_slab":4,"minecraft:wheat":39,"minecraft:stripped_oak_wood":2,"minecraft:grass":284,"minecraft:cracked_deepslate_tiles":2,"minecraft:oak_log":60,"minecraft:beetroots":19,"minecraft:oak_fence_gate":4,"minecraft:sand":20,"minecraft:dirt":258,"minecraft:deepslate":206,"minecraft:oak_leaves":12,"minecraft:redstone_lamp":2,"minecraft:deepslate_tiles":4,"minecraft:tuff":29,"minecraft:mossy_cobblestone":17,"minecraft:deepslate_diamond_ore":9,"minecraft:oak_door":4,"minecraft:dark_oak_log":14,"minecraft:ladder":4,"minecraft:dark_oak_fence":10,"minecraft:redstone_wire":1,"minecraft:hay_block":19,"minecraft:redstone_ore":5,"minecraft:oak_trapdoor":6,"minecraft:furnace":4,"minecraft:carrots":20,"minecraft:snow":5,"minecraft:dark_oak_fence_gate":1,"minecraft:andesite":16,"minecraft:chiseled_deepslate":1,"minecraft:deepslate_iron_ore":20,"minecraft:cobblestone_slab":19,"minecraft:stripped_oak_log":16,"minecraft:stone":624,"minecraft:oak_slab":34,"minecraft:redstone_block":2,"minecraft:glass_pane":17,"minecraft:cherry_planks":2,"minecraft:comparator":1,"minecraft:snow_block":42,"minecraft:dandelion":217,"minecraft:oak_fence":21,"minecraft:crafting_table":7,"minecraft:cornflower":4,"minecraft:emerald_ore":2,"minecraft:rose_bush":7,"minecraft:sculk_sensor":219,"minecraft:campfire":2,"endofherobrine:glowing_obsidian":1,"minecraft:copper_ore":20,"minecraft:tall_grass":67,"minecraft:deepslate_gold_ore":31,"minecraft:lapis_ore":3,"minecraft:cracked_deepslate_bricks":3,"minecraft:sculk":376,"minecraft:diorite":23,"minecraft:birch_planks":29,"minecraft:gray_wool":126,"minecraft:cobblestone_wall":8,"minecraft:gray_bed":3,"minecraft:white_carpet":8,"minecraft:yellow_bed":17,"minecraft:coal_ore":214,"minecraft:cherry_leaves":2,"minecraft:gravel":6,"minecraft:gray_carpet":58,"minecraft:gold_ore":4},"minecraft:custom":{"minecraft:interact_with_crafting_table":152,"minecraft:open_barrel":151,"minecraft:bell_ring":1,"minecraft:leave_game":10,"minecraft:time_since_death":15452,"minecraft:sprint_one_cm":2344170,"minecraft:damage_blocked_by_shield":11880,"minecraft:drop":376,"minecraft:talked_to_villager":2,"minecraft:play_time":847949,"minecraft:deaths":84,"minecraft:jump":10179,"minecraft:walk_on_water_one_cm":50627,"minecraft:enchant_item":2,"minecraft:interact_with_furnace":77,"minecraft:interact_with_cartography_table":1,"minecraft:sleep_in_bed":42,"minecraft:damage_dealt":38646,"minecraft:player_kills":4,"minecraft:crouch_one_cm":353080,"minecraft:horse_one_cm":1727,"minecraft:interact_with_anvil":1,"minecraft:mob_kills":195,"minecraft:climb_one_cm":57466,"minecraft:walk_one_cm":2473271,"minecraft:sneak_time":103769,"minecraft:walk_under_water_one_cm":20591,"minecraft:interact_with_blast_furnace":22,"minecraft:total_world_time":847949,"minecraft:raid_trigger":2,"minecraft:time_since_rest":46,"minecraft:damage_taken":30593,"minecraft:swim_one_cm":5909,"minecraft:fly_one_cm":1340163,"minecraft:open_chest":188,"minecraft:fall_one_cm":321195},"minecraft:broken":{"minecraft:iron_boots":2,"minecraft:iron_chestplate":1,"sanitydim:garland":14,"minecraft:stone_pickaxe":1,"minecraft:stone_axe":2,"minecraft:iron_sword":1,"minecraft:stone_shovel":1,"minecraft:golden_chestplate":1,"minecraft:iron_hoe":1,"minecraft:shield":4,"minecraft:iron_pickaxe":2}},"DataVersion":3465}