{"stats":{"minecraft:dropped":{"minecraft:iron_sword":6,"minecraft:porkchop":1,"minecraft:lapis_lazuli":3,"minecraft:glass_bottle":1,"minecraft:diamond":3,"minecraft:crafting_table":15,"minecraft:crossbow":2,"minecraft:glow_berries":18,"minecraft:cracked_stone_bricks":1,"minecraft:dirt":13,"minecraft:dark_oak_log":12,"minecraft:stone_button":3,"minecraft:cornflower":1,"minecraft:cracked_deepslate_tiles":2,"minecraft:snowball":110,"minecraft:wooden_sword":1,"minecraft:sand":3,"minecraft:iron_pickaxe":3,"minecraft:white_wool":1,"minecraft:gravel":3,"minecraft:stone_axe":1,"minecraft:sugar_cane":1,"minecraft:cooked_chicken":1,"minecraft:cobbled_deepslate":5,"minecraft:rotten_flesh":7,"minecraft:oak_planks":19,"minecraft:azure_bluet":1,"minecraft:carrot":7,"minecraft:beetroot_seeds":4,"minecraft:ladder":9,"minecraft:stone_hoe":3,"minecraft:iron_ingot":19,"minecraft:bread":27,"minecraft:wheat_seeds":4,"simpletomb:grave_key":3,"minecraft:feather":5,"minecraft:book":12,"minecraft:granite":5,"minecraft:coal":32,"minecraft:gray_wool":27,"minecraft:sculk":53,"minecraft:diorite":2,"minecraft:torch":39,"minecraft:wooden_axe":1,"minecraft:potion":1,"minecraft:iron_leggings":2,"minecraft:string":2,"minecraft:pink_petals":28,"minecraft:tripwire_hook":1,"minecraft:dandelion":23,"minecraft:stone_sword":3,"minecraft:raw_copper":18,"minecraft:tuff":1,"minecraft:stone_shovel":4,"minecraft:raw_iron":9,"minecraft:shears":1,"minecraft:blast_furnace":1,"minecraft:diamond_sword":1,"minecraft:hay_block":2,"minecraft:shield":1,"minecraft:diamond_pickaxe":2,"minecraft:andesite":3,"sanitydim:garland":7,"minecraft:stone_pickaxe":5,"minecraft:wooden_pickaxe":1},"minecraft:killed_by":{"endofherobrine:cow":2,"minecraft:creeper":2,"minecraft:pillager":15,"endofherobrine:sheep":1,"sanitydim:rotting_stalker":3,"endofherobrine:chicken":1,"man:managgresive":14,"sanitydim:sneaking_terror":1,"minecraft:witch":1,"minecraft:zombie":1,"minecraft:player":2,"minecraft:spider":3,"minecraft:enderman":2,"minecraft:warden":32,"minecraft:skeleton":3,"endofherobrine:pigman":1,"cave_dweller:cave_dweller":4},"minecraft:crafted":{"minecraft:smooth_stone":17,"minecraft:oak_planks":240,"minecraft:barrel":4,"minecraft:cobblestone_slab":126,"minecraft:cherry_wood":15,"minecraft:cooked_chicken":10,"minecraft:lightning_rod":1,"minecraft:stone":17,"minecraft:cooked_mutton":8,"minecraft:glass":20,"minecraft:iron_boots":3,"minecraft:chest":5,"minecraft:stone_hoe":1,"minecraft:oak_fence":3,"minecraft:gray_bed":5,"minecraft:oak_slab":78,"minecraft:cooked_porkchop":3,"minecraft:crafting_table":33,"minecraft:wooden_pickaxe":1,"minecraft:cobbled_deepslate_wall":36,"minecraft:copper_ingot":30,"minecraft:hay_block":1,"minecraft:campfire":2,"minecraft:iron_chestplate":2,"minecraft:diamond_pickaxe":2,"minecraft:shield":6,"minecraft:stick":300,"minecraft:iron_ingot":126,"minecraft:iron_pickaxe":4,"minecraft:stone_sword":1,"minecraft:gold_ingot":35,"minecraft:gray_carpet":18,"minecraft:dark_oak_fence_gate":1,"minecraft:shears":1,"minecraft:crimson_hyphae":15,"minecraft:cherry_planks":64,"minecraft:cobbled_deepslate_slab":36,"minecraft:wooden_sword":1,"minecraft:oak_door":3,"minecraft:raw_iron":9,"minecraft:stone_shovel":4,"minecraft:fishing_rod":1,"minecraft:tripwire_hook":2,"minecraft:golden_chestplate":2,"minecraft:iron_nugget":9,"minecraft:furnace":7,"sanitydim:garland":22,"minecraft:white_carpet":24,"minecraft:flint_and_steel":1,"minecraft:lantern":1,"minecraft:dark_oak_fence":6,"minecraft:iron_axe":1,"minecraft:ladder":15,"minecraft:iron_hoe":3,"minecraft:stone_pickaxe":5,"minecraft:cobblestone_wall":78,"minecraft:dark_oak_planks":28,"minecraft:golden_helmet":1,"minecraft:wheat":189,"minecraft:cooked_beef":1,"minecraft:crimson_planks":72,"minecraft:crossbow":1,"minecraft:diamond_sword":1,"minecraft:iron_sword":2,"minecraft:bucket":3,"minecraft:stone_axe":4,"minecraft:bread":68,"minecraft:wooden_axe":2,"minecraft:white_bed":1,"minecraft:torch":440},"minecraft:killed":{"endofherobrine:silverfish":15,"minecraft:zombified_piglin":3,"minecraft:spider":18,"minecraft:skeleton":25,"minecraft:chicken":14,"minecraft:pig":3,"minecraft:salmon":3,"minecraft:creeper":7,"minecraft:sheep":12,"minecraft:pillager":53,"minecraft:zombie":40,"endofherobrine:chicken":1,"endofherobrine:cow":1,"endofherobrine:pigman":2,"minecraft:cow":5,"minecraft:vindicator":1,"endofherobrine:rabbit":1,"endofherobrine:sheep":1,"minecraft:enderman":1},"minecraft:used":{"minecraft:beetroot":7,"minecraft:ladder":21,"minecraft:diamond_hoe":378,"minecraft:shield":206,"minecraft:chest":6,"minecraft:white_terracotta":52,"minecraft:iron_sword":448,"minecraft:bell":1,"minecraft:rotten_flesh":2,"minecraft:sculk_sensor":5,"minecraft:mutton":2,"minecraft:carrot":116,"minecraft:snowball":80,"minecraft:obsidian":13,"minecraft:glass":20,"minecraft:lava_bucket":11,"minecraft:lantern":1,"minecraft:oak_sapling":2,"minecraft:furnace":11,"minecraft:gray_bed":10,"minecraft:beetroot_seeds":36,"minecraft:egg":6,"minecraft:skeleton_skull":2,"minecraft:potato":10,"minecraft:diorite":3,"minecraft:stone_pickaxe":385,"minecraft:gray_carpet":61,"minecraft:oak_planks":34,"minecraft:wooden_pickaxe":31,"minecraft:sugar_cane":2,"minecraft:white_wool":2,"minecraft:glow_berries":91,"minecraft:sand":9,"minecraft:light_blue_wool":2,"minecraft:blast_furnace":3,"minecraft:crossbow":41,"minecraft:shears":58,"minecraft:lightning_rod":1,"minecraft:deepslate_tiles":1,"minecraft:bread":52,"minecraft:oak_pressure_plate":2,"minecraft:gravel":2,"minecraft:diamond_sword":1235,"minecraft:wooden_sword":133,"minecraft:dark_oak_fence":17,"minecraft:bone_meal":1,"minecraft:experience_bottle":5,"minecraft:oak_fence":29,"minecraft:oak_trapdoor":1,"minecraft:stone_sword":115,"minecraft:flint_and_steel":10,"minecraft:cracked_deepslate_bricks":2,"minecraft:stone_shovel":317,"minecraft:sculk":8,"minecraft:stone_hoe":111,"minecraft:cooked_chicken":10,"simpletomb:grave_key":173,"minecraft:oak_door":5,"minecraft:torch":482,"minecraft:dirt":470,"minecraft:spyglass":26,"minecraft:white_carpet":4,"minecraft:cobblestone_wall":84,"minecraft:yellow_carpet":4,"minecraft:granite":1,"minecraft:oak_fence_gate":4,"minecraft:iron_hoe":452,"minecraft:wooden_axe":70,"minecraft:iron_axe":67,"minecraft:oak_stairs":17,"minecraft:barrel":5,"minecraft:beef":6,"minecraft:goat_horn":6,"minecraft:cooked_beef":1,"minecraft:cobbled_deepslate":54,"minecraft:powder_snow_bucket":4,"minecraft:cobbled_deepslate_wall":26,"minecraft:wheat_seeds":202,"minecraft:cooked_mutton":8,"minecraft:water_bucket":39,"minecraft:birch_planks":2,"minecraft:lead":1,"minecraft:cartography_table":1,"minecraft:cobblestone_slab":139,"minecraft:deepslate_bricks":1,"minecraft:salmon":2,"minecraft:mossy_cobblestone":13,"minecraft:crafting_table":27,"minecraft:oak_slab":106,"minecraft:dark_oak_fence_gate":1,"minecraft:white_bed":4,"minecraft:campfire":2,"minecraft:oak_log":1,"minecraft:diamond_pickaxe":837,"minecraft:apple":8,"minecraft:chicken":7,"minecraft:iron_pickaxe":804,"minecraft:stone_axe":455,"minecraft:fishing_rod":12,"minecraft:cobblestone":453,"minecraft:potion":4,"minecraft:cobbled_deepslate_slab":40,"minecraft:porkchop":6,"minecraft:white_banner":4,"minecraft:cooked_porkchop":3,"minecraft:bucket":55,"minecraft:yellow_bed":18,"minecraft:stripped_oak_log":14,"minecraft:dandelion":3,"minecraft:gray_wool":161,"minecraft:soul_torch":36},"minecraft:picked_up":{"minecraft:wheat":89,"minecraft:redstone_block":2,"minecraft:diamond_sword":1,"minecraft:lead":6,"minecraft:oak_stairs":204,"minecraft:polished_deepslate":1,"minecraft:string":19,"minecraft:raw_copper":93,"minecraft:iron_leggings":1,"minecraft:sticky_piston":3,"minecraft:shroomlight":3,"minecraft:oak_sign":1,"minecraft:beetroot":21,"minecraft:gold_nugget":2,"minecraft:deepslate_tiles":3,"minecraft:diamond_leggings":1,"minecraft:cobbled_deepslate":181,"minecraft:smooth_stone":5,"minecraft:comparator":1,"minecraft:rose_bush":6,"minecraft:cobblestone_slab":19,"minecraft:iron_pickaxe":2,"minecraft:furnace":4,"minecraft:stick":9,"minecraft:oak_fence":33,"minecraft:torch":80,"minecraft:porkchop":10,"minecraft:target":1,"minecraft:cherry_log":35,"minecraft:pointed_dripstone":17,"minecraft:diorite":96,"minecraft:stone_sword":2,"minecraft:rotten_flesh":85,"minecraft:light_blue_wool":2,"minecraft:carved_pumpkin":2,"minecraft:white_terracotta":54,"minecraft:deepslate_brick_stairs":3,"minecraft:obsidian":4,"minecraft:snowball":203,"minecraft:cobblestone":1041,"minecraft:pink_petals":326,"minecraft:feather":19,"minecraft:repeater":3,"minecraft:cherry_planks":48,"minecraft:water_bucket":1,"minecraft:andesite":19,"minecraft:potato":8,"minecraft:flint":2,"minecraft:tuff":13,"minecraft:lapis_lazuli":51,"minecraft:dirt":814,"minecraft:bone":33,"minecraft:bow":2,"minecraft:wheat_seeds":302,"minecraft:raw_gold":33,"minecraft:cobbled_deepslate_slab":8,"minecraft:stone_hoe":3,"minecraft:oak_planks":108,"minecraft:oak_pressure_plate":2,"minecraft:sand":32,"minecraft:dark_oak_log":19,"minecraft:barrel":1,"minecraft:mossy_cobblestone":17,"minecraft:yellow_carpet":8,"minecraft:diamond":12,"minecraft:crossbow":6,"minecraft:granite":18,"minecraft:grass":2,"minecraft:bone_meal":2,"minecraft:diamond_pickaxe":1,"minecraft:emerald":2,"minecraft:bread":9,"minecraft:crimson_roots":2,"minecraft:netherrack":83,"minecraft:oak_sapling":2,"minecraft:dark_oak_fence":14,"minecraft:bricks":1,"minecraft:charcoal":4,"minecraft:crafting_table":21,"minecraft:azure_bluet":6,"minecraft:chicken":16,"minecraft:ladder":15,"minecraft:clay_ball":16,"minecraft:redstone_lamp":2,"minecraft:wooden_pickaxe":1,"minecraft:cornflower":4,"minecraft:oak_trapdoor":5,"minecraft:white_carpet":8,"minecraft:cracked_stone_bricks":1,"minecraft:beef":10,"minecraft:poppy":4,"minecraft:sugar_cane":38,"minecraft:chest":1,"minecraft:egg":20,"minecraft:raw_iron":137,"minecraft:oak_door":7,"minecraft:stone_button":3,"minecraft:carrot":82,"minecraft:redstone":53,"minecraft:dark_oak_planks":24,"minecraft:weeping_vines":10,"minecraft:arrow":34,"minecraft:stone_shovel":3,"minecraft:beetroot_seeds":76,"minecraft:shears":1,"minecraft:deepslate_bricks":2,"minecraft:hay_block":29,"minecraft:cracked_deepslate_bricks":3,"minecraft:glow_berries":24,"minecraft:mutton":20,"minecraft:skeleton_skull":2,"minecraft:white_wool":37,"minecraft:oxeye_daisy":3,"minecraft:cracked_deepslate_tiles":4,"minecraft:stripped_oak_log":16,"minecraft:glow_ink_sac":4,"minecraft:crimson_stem":23,"minecraft:tripwire_hook":1,"minecraft:salmon":2,"minecraft:leather":6,"minecraft:birch_planks":30,"minecraft:crimson_fungus":2,"minecraft:oak_log":63,"minecraft:nether_wart_block":31,"minecraft:cobblestone_wall":6,"minecraft:yellow_bed":18,"minecraft:gunpowder":13,"minecraft:cobblestone_stairs":7,"simpletomb:grave_key":1,"sanitydim:garland":5,"minecraft:white_banner":8,"minecraft:apple":1,"minecraft:gray_carpet":62,"minecraft:oak_fence_gate":5,"minecraft:stone_pickaxe":1,"minecraft:cooked_chicken":1,"minecraft:stripped_oak_wood":2,"minecraft:gray_bed":5,"minecraft:iron_sword":6,"minecraft:sculk_catalyst":4,"minecraft:oak_slab":37,"minecraft:dark_oak_slab":4,"minecraft:pumpkin":2,"minecraft:sculk":61,"minecraft:quartz":14,"minecraft:dandelion":244,"minecraft:spyglass":1,"minecraft:raw_iron_block":1,"minecraft:gravel":71,"minecraft:soul_torch":5,"minecraft:blast_furnace":4,"minecraft:white_bed":3,"minecraft:dark_oak_fence_gate":1,"minecraft:spider_eye":5,"minecraft:sculk_sensor":15,"minecraft:cherry_sapling":2,"minecraft:mossy_cobblestone_stairs":1,"minecraft:gray_wool":216,"minecraft:black_wool":1,"minecraft:coal":228},"minecraft:mined":{"minecraft:dark_oak_planks":1,"minecraft:white_bed":3,"minecraft:farmland":6,"minecraft:cobblestone_stairs":5,"minecraft:sculk_vein":91,"minecraft:cherry_log":35,"minecraft:obsidian":5,"minecraft:carved_pumpkin":2,"minecraft:granite":9,"minecraft:grass_block":218,"minecraft:yellow_carpet":8,"minecraft:deepslate_bricks":2,"minecraft:crimson_fungus":2,"minecraft:oxeye_daisy":3,"minecraft:weeping_vines_plant":4,"minecraft:smooth_stone":2,"minecraft:tall_seagrass":1,"minecraft:raw_iron_block":1,"minecraft:sculk_catalyst":49,"minecraft:mossy_cobblestone_stairs":1,"minecraft:iron_ore":117,"minecraft:cobbled_deepslate":11,"minecraft:fire":10,"minecraft:sticky_piston":3,"minecraft:barrel":1,"minecraft:target":1,"minecraft:pumpkin":2,"minecraft:deepslate_lapis_ore":3,"minecraft:azure_bluet":5,"minecraft:sculk_shrieker":13,"minecraft:pointed_dripstone":12,"minecraft:oak_sign":2,"minecraft:dirt_path":28,"minecraft:oak_stairs":205,"minecraft:deepslate_brick_stairs":3,"minecraft:white_banner":3,"minecraft:deepslate_redstone_ore":8,"minecraft:soul_wall_torch":4,"minecraft:crimson_nylium":2,"minecraft:soul_fire":8,"minecraft:powder_snow":35,"minecraft:clay":4,"minecraft:torch":6,"minecraft:blast_furnace":4,"minecraft:poppy":4,"minecraft:chest":3,"minecraft:nether_quartz_ore":15,"minecraft:glass":1,"minecraft:cobblestone":207,"minecraft:oak_planks":101,"minecraft:sugar_cane":19,"minecraft:bricks":1,"minecraft:wall_torch":18,"minecraft:pink_petals":63,"minecraft:skeleton_skull":2,"minecraft:white_terracotta":56,"minecraft:repeater":3,"minecraft:dark_oak_slab":4,"minecraft:nether_wart_block":28,"minecraft:wheat":99,"minecraft:stripped_oak_wood":2,"minecraft:grass":312,"minecraft:cracked_deepslate_tiles":2,"minecraft:oak_log":60,"minecraft:beetroots":24,"minecraft:oak_fence_gate":5,"minecraft:sand":20,"minecraft:dirt":270,"minecraft:netherrack":90,"minecraft:deepslate":207,"minecraft:oak_leaves":13,"minecraft:redstone_lamp":2,"minecraft:deepslate_tiles":4,"minecraft:tuff":29,"minecraft:light_blue_wool":2,"minecraft:mossy_cobblestone":20,"minecraft:deepslate_diamond_ore":9,"minecraft:oak_door":4,"minecraft:dark_oak_log":14,"minecraft:ladder":4,"minecraft:dark_oak_fence":17,"minecraft:cobbled_deepslate_slab":6,"minecraft:crimson_roots":2,"minecraft:weeping_vines":7,"minecraft:redstone_wire":1,"minecraft:crimson_stem":25,"minecraft:hay_block":19,"minecraft:redstone_ore":5,"minecraft:oak_trapdoor":6,"minecraft:furnace":4,"minecraft:carrots":20,"minecraft:snow":5,"minecraft:andesite":16,"minecraft:dark_oak_fence_gate":1,"minecraft:chiseled_deepslate":1,"minecraft:polished_deepslate":1,"minecraft:shroomlight":3,"minecraft:deepslate_iron_ore":22,"minecraft:cobblestone_slab":19,"minecraft:stripped_oak_log":16,"minecraft:stone":671,"minecraft:oak_slab":34,"minecraft:redstone_block":2,"minecraft:glass_pane":17,"minecraft:cherry_planks":2,"minecraft:comparator":1,"minecraft:snow_block":42,"minecraft:soul_torch":1,"minecraft:dandelion":253,"minecraft:oak_fence":27,"minecraft:crafting_table":7,"minecraft:cornflower":4,"minecraft:emerald_ore":2,"minecraft:rose_bush":7,"minecraft:sculk_sensor":250,"minecraft:campfire":2,"minecraft:copper_ore":20,"minecraft:tall_grass":72,"endofherobrine:glowing_obsidian":3,"minecraft:lapis_ore":3,"minecraft:deepslate_gold_ore":33,"minecraft:cracked_deepslate_bricks":3,"minecraft:sculk":449,"minecraft:diorite":23,"minecraft:birch_planks":29,"minecraft:gray_wool":145,"minecraft:cobblestone_wall":8,"minecraft:gray_bed":5,"minecraft:white_carpet":8,"minecraft:yellow_bed":17,"minecraft:coal_ore":221,"minecraft:cherry_leaves":6,"minecraft:gravel":6,"minecraft:gray_carpet":60,"minecraft:gold_ore":4},"minecraft:custom":{"minecraft:animals_bred":2,"minecraft:interact_with_crafting_table":185,"minecraft:open_barrel":206,"minecraft:bell_ring":1,"minecraft:leave_game":10,"minecraft:time_since_death":7290,"minecraft:sprint_one_cm":2704532,"minecraft:damage_blocked_by_shield":13816,"minecraft:drop":447,"minecraft:talked_to_villager":2,"minecraft:play_time":1030579,"minecraft:deaths":97,"minecraft:jump":11781,"minecraft:walk_on_water_one_cm":80338,"minecraft:enchant_item":2,"minecraft:interact_with_furnace":98,"minecraft:interact_with_cartography_table":1,"minecraft:sleep_in_bed":49,"minecraft:damage_dealt":44085,"minecraft:player_kills":4,"minecraft:crouch_one_cm":440078,"minecraft:horse_one_cm":1727,"minecraft:interact_with_anvil":5,"minecraft:mob_kills":232,"minecraft:climb_one_cm":71600,"minecraft:walk_one_cm":3058257,"minecraft:sneak_time":131399,"minecraft:walk_under_water_one_cm":37149,"minecraft:interact_with_blast_furnace":22,"minecraft:total_world_time":1030579,"minecraft:raid_trigger":2,"minecraft:time_since_rest":7322,"minecraft:damage_taken":34805,"minecraft:swim_one_cm":5909,"minecraft:fly_one_cm":1492066,"minecraft:open_chest":223,"minecraft:fall_one_cm":356923},"minecraft:broken":{"minecraft:iron_boots":2,"minecraft:iron_chestplate":1,"sanitydim:garland":18,"minecraft:stone_pickaxe":1,"minecraft:stone_axe":2,"minecraft:iron_sword":1,"minecraft:stone_shovel":1,"minecraft:golden_chestplate":1,"minecraft:iron_hoe":1,"minecraft:shield":4,"minecraft:iron_pickaxe":2}},"DataVersion":3465}