{"stats":{"minecraft:custom":{"minecraft:mob_kills":22,"minecraft:interact_with_crafting_table":37,"minecraft:leave_game":1,"minecraft:time_since_death":46812,"minecraft:sprint_one_cm":447437,"minecraft:walk_one_cm":436013,"minecraft:drop":90,"minecraft:talked_to_villager":1,"minecraft:play_time":130140,"minecraft:deaths":8,"minecraft:sneak_time":946,"minecraft:walk_under_water_one_cm":4945,"minecraft:jump":1163,"minecraft:interact_with_blast_furnace":11,"minecraft:walk_on_water_one_cm":6337,"minecraft:total_world_time":130140,"minecraft:interact_with_furnace":20,"minecraft:sleep_in_bed":7,"minecraft:time_since_rest":17523,"minecraft:damage_taken":3311,"minecraft:damage_dealt":4930,"minecraft:fly_one_cm":120661,"minecraft:player_kills":2,"minecraft:open_chest":37,"minecraft:crouch_one_cm":3529,"minecraft:fall_one_cm":28730},"minecraft:broken":{"sanitydim:garland":3,"minecraft:stone_pickaxe":1,"minecraft:iron_pickaxe":1},"minecraft:crafted":{"minecraft:wooden_sword":1,"minecraft:oak_door":3,"minecraft:oak_planks":188,"minecraft:stone_shovel":2,"minecraft:furnace":4,"sanitydim:garland":4,"minecraft:white_carpet":24,"minecraft:iron_boots":1,"minecraft:stone_pickaxe":3,"minecraft:chest":2,"minecraft:stone_hoe":1,"minecraft:wheat":171,"minecraft:oak_slab":54,"minecraft:cooked_porkchop":3,"minecraft:crafting_table":7,"minecraft:wooden_pickaxe":1,"minecraft:iron_sword":2,"minecraft:stone_axe":1,"minecraft:bread":52,"minecraft:iron_chestplate":1,"minecraft:shield":1,"minecraft:stick":36,"minecraft:iron_ingot":33,"minecraft:iron_pickaxe":2,"minecraft:wooden_axe":1,"minecraft:stone_sword":1,"minecraft:torch":8,"minecraft:shears":1},"minecraft:used":{"minecraft:beetroot":1,"minecraft:stone_sword":45,"minecraft:stone_shovel":160,"minecraft:chest":3,"minecraft:iron_sword":181,"minecraft:stone_hoe":1,"simpletomb:grave_key":10,"minecraft:oak_door":4,"minecraft:torch":17,"minecraft:dirt":8,"minecraft:white_carpet":4,"minecraft:carrot":17,"minecraft:yellow_carpet":4,"minecraft:wooden_axe":50,"minecraft:oak_stairs":13,"minecraft:beef":3,"minecraft:furnace":8,"minecraft:potato":8,"minecraft:stone_pickaxe":243,"minecraft:oak_planks":31,"minecraft:wooden_pickaxe":31,"minecraft:mossy_cobblestone":13,"minecraft:oak_slab":53,"minecraft:crafting_table":10,"minecraft:blast_furnace":3,"minecraft:shears":3,"minecraft:oak_log":1,"minecraft:apple":8,"minecraft:chicken":5,"minecraft:bread":11,"minecraft:iron_pickaxe":249,"minecraft:oak_pressure_plate":2,"minecraft:stone_axe":82,"minecraft:wooden_sword":133,"minecraft:cobblestone":107,"minecraft:cooked_porkchop":3,"minecraft:yellow_bed":10},"minecraft:killed":{"minecraft:spider":3,"minecraft:chicken":5,"minecraft:pig":1,"minecraft:sheep":3,"minecraft:zombie":1,"endofherobrine:cow":1,"minecraft:enderman":1,"minecraft:cow":2},"minecraft:killed_by":{"minecraft:player":1,"minecraft:spider":1,"sanitydim:rotting_stalker":1,"man:managgresive":3,"minecraft:zombie":1},"minecraft:mined":{"minecraft:mossy_cobblestone":17,"minecraft:oak_door":4,"minecraft:cobblestone_stairs":4,"minecraft:granite":1,"minecraft:grass_block":36,"minecraft:yellow_carpet":8,"minecraft:hay_block":17,"minecraft:furnace":4,"minecraft:iron_ore":33,"minecraft:snow":5,"minecraft:azure_bluet":1,"minecraft:dirt_path":19,"minecraft:oak_stairs":16,"minecraft:stone":202,"minecraft:oak_slab":7,"minecraft:glass_pane":9,"minecraft:snow_block":42,"minecraft:dandelion":93,"minecraft:powder_snow":33,"minecraft:cornflower":1,"minecraft:crafting_table":4,"minecraft:blast_furnace":4,"minecraft:emerald_ore":1,"minecraft:chest":2,"minecraft:tall_grass":5,"minecraft:cobblestone":132,"minecraft:lapis_ore":2,"minecraft:oak_planks":43,"minecraft:bricks":1,"minecraft:diorite":2,"minecraft:wall_torch":2,"minecraft:pink_petals":25,"minecraft:white_carpet":8,"minecraft:yellow_bed":10,"minecraft:grass":66,"minecraft:oak_log":47,"minecraft:coal_ore":74,"minecraft:beetroots":1,"minecraft:dirt":58,"minecraft:oak_leaves":4},"minecraft:picked_up":{"minecraft:crafting_table":5,"minecraft:wheat":3,"minecraft:azure_bluet":2,"minecraft:chicken":5,"minecraft:wooden_pickaxe":1,"minecraft:oak_stairs":18,"minecraft:cornflower":1,"minecraft:string":4,"minecraft:white_carpet":8,"minecraft:beetroot":1,"minecraft:smooth_stone":3,"minecraft:beef":3,"minecraft:iron_pickaxe":1,"minecraft:chest":1,"minecraft:egg":6,"minecraft:furnace":4,"minecraft:stick":4,"minecraft:raw_iron":33,"minecraft:oak_door":7,"minecraft:oak_fence":5,"minecraft:torch":9,"minecraft:porkchop":3,"minecraft:diorite":71,"minecraft:carrot":7,"minecraft:stone_sword":2,"minecraft:rotten_flesh":13,"minecraft:stone_shovel":2,"minecraft:beetroot_seeds":9,"minecraft:hay_block":26,"minecraft:mutton":6,"minecraft:snowball":79,"minecraft:white_wool":19,"minecraft:cobblestone":334,"minecraft:pink_petals":103,"minecraft:feather":10,"minecraft:leather":4,"minecraft:potato":6,"minecraft:oak_log":46,"minecraft:yellow_bed":11,"minecraft:cobblestone_stairs":5,"simpletomb:grave_key":1,"sanitydim:garland":2,"minecraft:lapis_lazuli":18,"minecraft:dirt":138,"minecraft:apple":1,"minecraft:wheat_seeds":18,"minecraft:iron_sword":1,"minecraft:stone_hoe":2,"minecraft:oak_planks":42,"minecraft:oak_slab":8,"minecraft:dandelion":89,"minecraft:oak_pressure_plate":1,"minecraft:gravel":53,"minecraft:blast_furnace":4,"minecraft:mossy_cobblestone":16,"minecraft:yellow_carpet":8,"minecraft:granite":1,"minecraft:cherry_sapling":1,"minecraft:grass":2,"minecraft:gray_wool":1,"minecraft:emerald":1,"minecraft:oak_sapling":2,"minecraft:black_wool":1,"minecraft:bricks":1,"minecraft:coal":69},"minecraft:dropped":{"minecraft:stone_hoe":1,"minecraft:iron_sword":1,"minecraft:bread":10,"minecraft:crafting_table":2,"simpletomb:grave_key":1,"minecraft:feather":5,"minecraft:coal":32,"minecraft:dirt":9,"minecraft:cornflower":1,"minecraft:wooden_axe":1,"minecraft:wooden_sword":1,"minecraft:iron_pickaxe":1,"minecraft:string":2,"minecraft:pink_petals":2,"minecraft:stone_sword":2,"minecraft:stone_shovel":3,"minecraft:rotten_flesh":5,"minecraft:oak_planks":15,"minecraft:blast_furnace":1,"minecraft:beetroot_seeds":4,"sanitydim:garland":1,"minecraft:wooden_pickaxe":1}},"DataVersion":3465}