{"stats":{"minecraft:killed":{"minecraft:spider":4,"minecraft:skeleton":1,"minecraft:chicken":5,"minecraft:pig":1,"minecraft:sheep":3,"minecraft:zombie":5,"endofherobrine:cow":1,"minecraft:enderman":1,"minecraft:cow":2},"minecraft:killed_by":{"minecraft:player":1,"minecraft:spider":1,"sanitydim:rotting_stalker":1,"man:managgresive":3,"minecraft:warden":7,"minecraft:zombie":1,"cave_dweller:cave_dweller":2},"minecraft:mined":{"minecraft:tuff":6,"minecraft:white_bed":1,"minecraft:mossy_cobblestone":17,"minecraft:deepslate_diamond_ore":8,"minecraft:oak_door":4,"minecraft:sculk_vein":63,"minecraft:cobblestone_stairs":4,"minecraft:granite":1,"minecraft:grass_block":46,"minecraft:yellow_carpet":8,"minecraft:smooth_stone":1,"minecraft:hay_block":17,"minecraft:oak_trapdoor":5,"minecraft:raw_iron_block":1,"minecraft:sculk_catalyst":24,"minecraft:furnace":4,"minecraft:iron_ore":37,"minecraft:cobbled_deepslate":4,"minecraft:snow":5,"minecraft:chiseled_deepslate":1,"minecraft:azure_bluet":1,"minecraft:sculk_shrieker":3,"minecraft:cobblestone_slab":1,"minecraft:dirt_path":19,"minecraft:deepslate_iron_ore":7,"minecraft:oak_stairs":169,"minecraft:stripped_oak_log":16,"minecraft:stone":204,"minecraft:deepslate_redstone_ore":5,"minecraft:oak_slab":19,"minecraft:glass_pane":17,"minecraft:snow_block":42,"minecraft:soul_fire":2,"minecraft:dandelion":93,"minecraft:powder_snow":33,"minecraft:cornflower":1,"minecraft:crafting_table":4,"minecraft:blast_furnace":4,"minecraft:emerald_ore":1,"minecraft:chest":2,"minecraft:sculk_sensor":137,"minecraft:tall_grass":5,"minecraft:cobblestone":162,"minecraft:deepslate_gold_ore":16,"minecraft:lapis_ore":2,"minecraft:oak_planks":100,"minecraft:bricks":1,"minecraft:sculk":127,"minecraft:diorite":2,"minecraft:wall_torch":3,"minecraft:skeleton_skull":1,"minecraft:pink_petals":25,"minecraft:white_terracotta":29,"minecraft:gray_wool":81,"minecraft:white_carpet":8,"minecraft:yellow_bed":10,"minecraft:grass":68,"minecraft:oak_log":55,"minecraft:coal_ore":74,"minecraft:beetroots":1,"minecraft:cherry_leaves":2,"minecraft:dirt":72,"minecraft:deepslate":31,"minecraft:oak_leaves":4},"minecraft:crafted":{"minecraft:wooden_sword":1,"minecraft:oak_door":3,"minecraft:oak_planks":204,"minecraft:raw_iron":9,"minecraft:cobblestone_slab":30,"minecraft:stone_shovel":2,"minecraft:furnace":4,"sanitydim:garland":6,"minecraft:white_carpet":24,"minecraft:iron_boots":1,"minecraft:ladder":9,"minecraft:iron_hoe":1,"minecraft:stone_pickaxe":3,"minecraft:chest":3,"minecraft:stone_hoe":1,"minecraft:gray_bed":2,"minecraft:wheat":171,"minecraft:oak_slab":54,"minecraft:cooked_porkchop":3,"minecraft:crafting_table":11,"minecraft:wooden_pickaxe":1,"minecraft:iron_sword":2,"minecraft:bucket":1,"minecraft:stone_axe":3,"minecraft:bread":52,"minecraft:iron_chestplate":1,"minecraft:shield":1,"minecraft:stick":92,"minecraft:iron_ingot":33,"minecraft:iron_pickaxe":3,"minecraft:wooden_axe":1,"minecraft:stone_sword":1,"minecraft:torch":124,"minecraft:shears":1},"minecraft:picked_up":{"minecraft:azure_bluet":2,"minecraft:crafting_table":5,"minecraft:wheat":3,"minecraft:chicken":5,"minecraft:ladder":9,"minecraft:wooden_pickaxe":1,"minecraft:oak_stairs":169,"minecraft:cornflower":1,"minecraft:oak_trapdoor":5,"minecraft:string":4,"minecraft:raw_copper":16,"minecraft:iron_leggings":1,"minecraft:white_carpet":8,"minecraft:beetroot":1,"minecraft:diamond_leggings":1,"minecraft:cobbled_deepslate":43,"minecraft:smooth_stone":4,"minecraft:beef":3,"minecraft:cobblestone_slab":1,"minecraft:iron_pickaxe":2,"minecraft:chest":1,"minecraft:furnace":4,"minecraft:egg":6,"minecraft:stick":4,"minecraft:raw_iron":43,"minecraft:oak_door":7,"minecraft:oak_fence":5,"minecraft:torch":26,"minecraft:porkchop":3,"minecraft:diorite":74,"minecraft:carrot":7,"minecraft:redstone":22,"minecraft:arrow":2,"minecraft:stone_sword":2,"minecraft:stone_shovel":2,"minecraft:rotten_flesh":22,"minecraft:beetroot_seeds":9,"minecraft:shears":1,"minecraft:hay_block":26,"minecraft:white_terracotta":29,"minecraft:mutton":6,"minecraft:snowball":79,"minecraft:skeleton_skull":1,"minecraft:white_wool":19,"minecraft:cobblestone":378,"minecraft:stripped_oak_log":16,"minecraft:pink_petals":103,"minecraft:feather":10,"minecraft:andesite":3,"minecraft:leather":4,"minecraft:potato":6,"minecraft:oak_log":58,"minecraft:yellow_bed":11,"minecraft:cobblestone_stairs":5,"simpletomb:grave_key":1,"sanitydim:garland":3,"minecraft:lapis_lazuli":18,"minecraft:dirt":162,"minecraft:bone":1,"minecraft:apple":1,"minecraft:wheat_seeds":19,"minecraft:raw_gold":13,"minecraft:stone_hoe":3,"minecraft:iron_sword":6,"minecraft:oak_planks":101,"minecraft:oak_slab":20,"minecraft:dandelion":89,"minecraft:oak_pressure_plate":1,"minecraft:raw_iron_block":1,"minecraft:gravel":53,"minecraft:blast_furnace":4,"minecraft:white_bed":1,"minecraft:spider_eye":1,"minecraft:mossy_cobblestone":16,"minecraft:yellow_carpet":8,"minecraft:diamond":11,"minecraft:granite":6,"minecraft:grass":2,"minecraft:cherry_sapling":1,"minecraft:gray_wool":131,"minecraft:emerald":1,"minecraft:oak_sapling":2,"minecraft:black_wool":1,"minecraft:bricks":1,"minecraft:coal":69},"minecraft:dropped":{"minecraft:stone_hoe":3,"minecraft:bread":10,"minecraft:iron_sword":6,"minecraft:diamond":3,"minecraft:crafting_table":2,"simpletomb:grave_key":1,"minecraft:feather":5,"minecraft:granite":3,"minecraft:coal":32,"minecraft:dirt":9,"minecraft:torch":12,"minecraft:cornflower":1,"minecraft:wooden_axe":1,"minecraft:iron_leggings":1,"minecraft:wooden_sword":1,"minecraft:iron_pickaxe":3,"minecraft:string":2,"minecraft:pink_petals":2,"minecraft:stone_sword":2,"minecraft:cobbled_deepslate":3,"minecraft:stone_shovel":3,"minecraft:rotten_flesh":5,"minecraft:oak_planks":15,"minecraft:shears":1,"minecraft:blast_furnace":1,"minecraft:beetroot_seeds":4,"minecraft:andesite":3,"sanitydim:garland":3,"minecraft:ladder":9,"minecraft:stone_pickaxe":2,"minecraft:wooden_pickaxe":1},"minecraft:custom":{"minecraft:mob_kills":29,"minecraft:interact_with_crafting_table":56,"minecraft:leave_game":3,"minecraft:time_since_death":27214,"minecraft:climb_one_cm":1376,"minecraft:sprint_one_cm":515649,"minecraft:walk_one_cm":724539,"minecraft:damage_blocked_by_shield":150,"minecraft:drop":128,"minecraft:talked_to_villager":1,"minecraft:play_time":257771,"minecraft:sneak_time":63344,"minecraft:deaths":17,"minecraft:walk_under_water_one_cm":4945,"minecraft:jump":1804,"minecraft:interact_with_blast_furnace":12,"minecraft:walk_on_water_one_cm":6337,"minecraft:total_world_time":257771,"minecraft:interact_with_furnace":24,"minecraft:sleep_in_bed":11,"minecraft:time_since_rest":4618,"minecraft:damage_taken":6355,"minecraft:damage_dealt":6320,"minecraft:player_kills":2,"minecraft:fly_one_cm":156631,"minecraft:open_chest":62,"minecraft:crouch_one_cm":211145,"minecraft:fall_one_cm":46481},"minecraft:used":{"minecraft:beetroot":1,"minecraft:stone_sword":45,"minecraft:stone_shovel":160,"minecraft:chest":4,"minecraft:shield":5,"minecraft:iron_sword":230,"minecraft:stone_hoe":111,"simpletomb:grave_key":50,"minecraft:oak_door":4,"minecraft:torch":141,"minecraft:dirt":29,"minecraft:white_carpet":4,"minecraft:carrot":17,"minecraft:yellow_carpet":4,"minecraft:snowball":57,"minecraft:iron_hoe":182,"minecraft:wooden_axe":50,"minecraft:lava_bucket":1,"minecraft:oak_stairs":13,"minecraft:beef":3,"minecraft:furnace":8,"minecraft:gray_bed":2,"minecraft:potato":8,"minecraft:oak_planks":33,"minecraft:stone_pickaxe":260,"minecraft:wooden_pickaxe":31,"minecraft:cobblestone_slab":26,"minecraft:mossy_cobblestone":13,"minecraft:oak_slab":53,"minecraft:crafting_table":14,"minecraft:blast_furnace":3,"minecraft:shears":28,"minecraft:oak_log":1,"minecraft:apple":8,"minecraft:chicken":5,"minecraft:bread":18,"minecraft:iron_pickaxe":426,"minecraft:oak_pressure_plate":2,"minecraft:stone_axe":338,"minecraft:wooden_sword":133,"minecraft:cobblestone":107,"minecraft:cooked_porkchop":3,"minecraft:bucket":2,"minecraft:yellow_bed":11,"minecraft:gray_wool":118,"minecraft:soul_torch":5},"minecraft:broken":{"sanitydim:garland":4,"minecraft:stone_pickaxe":1,"minecraft:stone_axe":1,"minecraft:iron_pickaxe":1}},"DataVersion":3465}