{"stats":{"minecraft:custom":{"minecraft:interact_with_furnace":5,"minecraft:mob_kills":20,"minecraft:interact_with_crafting_table":11,"minecraft:leave_game":1,"minecraft:time_since_death":10898,"minecraft:sleep_in_bed":1,"minecraft:time_since_rest":10953,"minecraft:sprint_one_cm":163248,"minecraft:damage_taken":2130,"minecraft:walk_one_cm":184853,"minecraft:drop":25,"minecraft:damage_dealt":4183,"minecraft:talked_to_villager":1,"minecraft:fly_one_cm":51110,"minecraft:open_chest":6,"minecraft:crouch_one_cm":2483,"minecraft:play_time":52140,"minecraft:deaths":5,"minecraft:sneak_time":573,"minecraft:walk_under_water_one_cm":4745,"minecraft:jump":434,"minecraft:interact_with_blast_furnace":10,"minecraft:walk_on_water_one_cm":6303,"minecraft:total_world_time":52140,"minecraft:fall_one_cm":11091},"minecraft:broken":{"sanitydim:garland":2},"minecraft:used":{"minecraft:stone_sword":45,"minecraft:stone_shovel":32,"minecraft:stone_pickaxe":26,"minecraft:oak_planks":7,"minecraft:wooden_pickaxe":31,"minecraft:iron_sword":148,"simpletomb:grave_key":7,"minecraft:oak_door":1,"minecraft:torch":2,"minecraft:dirt":1,"minecraft:crafting_table":4,"minecraft:wooden_axe":50,"minecraft:apple":1,"minecraft:chicken":5,"minecraft:oak_stairs":5,"minecraft:bread":11,"minecraft:iron_pickaxe":104,"minecraft:stone_axe":49,"minecraft:wooden_sword":133,"minecraft:cobblestone":73,"minecraft:furnace":3,"minecraft:cooked_porkchop":3,"minecraft:yellow_bed":5},"minecraft:crafted":{"minecraft:wooden_sword":1,"minecraft:oak_planks":16,"minecraft:stone_shovel":1,"minecraft:cooked_porkchop":3,"minecraft:crafting_table":2,"minecraft:wooden_pickaxe":1,"minecraft:iron_sword":1,"minecraft:furnace":1,"sanitydim:garland":4,"minecraft:stone_axe":1,"minecraft:bread":15,"minecraft:iron_boots":1,"minecraft:iron_chestplate":1,"minecraft:stick":16,"minecraft:iron_ingot":19,"minecraft:iron_pickaxe":1,"minecraft:stone_pickaxe":1,"minecraft:wooden_axe":1,"minecraft:stone_sword":1,"minecraft:shears":1,"minecraft:wheat":90},"minecraft:killed":{"minecraft:pig":1,"minecraft:spider":2,"minecraft:sheep":3,"minecraft:zombie":1,"minecraft:chicken":5,"minecraft:enderman":1,"minecraft:cow":2},"minecraft:mined":{"minecraft:glass_pane":9,"minecraft:mossy_cobblestone":13,"minecraft:oak_door":4,"minecraft:cobblestone_stairs":1,"minecraft:dandelion":49,"minecraft:crafting_table":3,"minecraft:grass_block":18,"minecraft:yellow_carpet":4,"minecraft:cobblestone":76,"minecraft:tall_grass":2,"minecraft:oak_planks":36,"minecraft:pink_petals":23,"minecraft:hay_block":17,"minecraft:furnace":2,"minecraft:iron_ore":19,"minecraft:white_carpet":4,"minecraft:yellow_bed":6,"minecraft:grass":51,"minecraft:dirt_path":19,"minecraft:oak_log":46,"minecraft:beetroots":1,"minecraft:oak_stairs":5,"minecraft:dirt":19,"minecraft:stone":21,"minecraft:oak_leaves":4},"minecraft:killed_by":{"man:managgresive":2,"minecraft:spider":1,"minecraft:zombie":1,"sanitydim:rotting_stalker":1},"minecraft:picked_up":{"minecraft:pink_petals":45,"minecraft:crafting_table":4,"minecraft:feather":5,"minecraft:chicken":5,"minecraft:leather":4,"minecraft:oak_stairs":6,"minecraft:oak_log":45,"minecraft:yellow_bed":6,"simpletomb:grave_key":1,"minecraft:dirt":57,"minecraft:white_carpet":4,"minecraft:apple":1,"minecraft:wheat_seeds":2,"minecraft:beef":3,"minecraft:iron_pickaxe":1,"minecraft:oak_planks":34,"minecraft:furnace":2,"minecraft:egg":2,"minecraft:raw_iron":19,"minecraft:oak_door":6,"minecraft:oak_fence":1,"minecraft:torch":5,"minecraft:dandelion":47,"minecraft:porkchop":3,"minecraft:mossy_cobblestone":12,"minecraft:yellow_carpet":4,"minecraft:stone_sword":2,"minecraft:rotten_flesh":12,"minecraft:beetroot_seeds":1,"minecraft:hay_block":17,"minecraft:gray_wool":1,"minecraft:black_wool":1,"minecraft:mutton":6,"minecraft:cobblestone":97,"minecraft:white_wool":2},"minecraft:dropped":{"minecraft:bread":10,"minecraft:stone_sword":2,"minecraft:crafting_table":2,"simpletomb:grave_key":1,"minecraft:stone_shovel":1,"minecraft:rotten_flesh":5,"minecraft:wooden_axe":1,"minecraft:wooden_sword":1,"minecraft:wooden_pickaxe":1,"minecraft:iron_pickaxe":1}},"DataVersion":3465}