{"stats":{"minecraft:picked_up":{"minecraft:wheat":3,"minecraft:oak_stairs":169,"minecraft:string":14,"minecraft:raw_copper":16,"minecraft:iron_leggings":1,"minecraft:beetroot":3,"minecraft:diamond_leggings":1,"minecraft:cobbled_deepslate":55,"minecraft:smooth_stone":5,"minecraft:rose_bush":6,"minecraft:cobblestone_slab":3,"minecraft:iron_pickaxe":2,"minecraft:furnace":4,"minecraft:stick":4,"minecraft:oak_fence":5,"minecraft:torch":31,"minecraft:porkchop":6,"minecraft:cherry_log":11,"minecraft:diorite":87,"minecraft:stone_sword":2,"minecraft:rotten_flesh":57,"minecraft:carved_pumpkin":1,"minecraft:white_terracotta":54,"minecraft:snowball":196,"minecraft:cobblestone":543,"minecraft:pink_petals":151,"minecraft:feather":14,"minecraft:cherry_planks":6,"minecraft:andesite":10,"minecraft:potato":8,"minecraft:tuff":1,"minecraft:lapis_lazuli":51,"minecraft:dirt":189,"minecraft:bone":19,"minecraft:wheat_seeds":31,"minecraft:raw_gold":19,"minecraft:stone_hoe":3,"minecraft:oak_planks":107,"minecraft:oak_pressure_plate":1,"minecraft:dark_oak_log":7,"minecraft:barrel":1,"minecraft:mossy_cobblestone":16,"minecraft:yellow_carpet":8,"minecraft:diamond":11,"minecraft:crossbow":4,"minecraft:granite":11,"minecraft:grass":2,"minecraft:bone_meal":2,"minecraft:emerald":2,"minecraft:oak_sapling":2,"minecraft:bricks":1,"minecraft:dark_oak_fence":7,"minecraft:charcoal":4,"minecraft:crafting_table":5,"minecraft:azure_bluet":5,"minecraft:chicken":10,"minecraft:ladder":9,"minecraft:wooden_pickaxe":1,"minecraft:cornflower":3,"minecraft:oak_trapdoor":5,"minecraft:white_carpet":8,"minecraft:beef":9,"minecraft:poppy":3,"minecraft:sugar_cane":20,"minecraft:chest":1,"minecraft:egg":10,"minecraft:raw_iron":62,"minecraft:oak_door":7,"minecraft:carrot":77,"minecraft:redstone":22,"minecraft:arrow":16,"minecraft:stone_shovel":2,"minecraft:beetroot_seeds":15,"minecraft:shears":1,"minecraft:hay_block":28,"minecraft:mutton":8,"minecraft:skeleton_skull":2,"minecraft:white_wool":25,"minecraft:oxeye_daisy":3,"minecraft:stripped_oak_log":16,"minecraft:tripwire_hook":1,"minecraft:salmon":2,"minecraft:leather":6,"minecraft:birch_planks":2,"minecraft:oak_log":58,"minecraft:yellow_bed":11,"minecraft:gunpowder":2,"minecraft:cobblestone_stairs":6,"simpletomb:grave_key":1,"sanitydim:garland":3,"minecraft:white_banner":1,"minecraft:apple":1,"minecraft:stone_pickaxe":1,"minecraft:iron_sword":6,"minecraft:oak_slab":32,"minecraft:pumpkin":2,"minecraft:dandelion":143,"minecraft:raw_iron_block":1,"minecraft:gravel":56,"minecraft:blast_furnace":4,"minecraft:white_bed":3,"minecraft:spider_eye":3,"minecraft:cherry_sapling":1,"minecraft:mossy_cobblestone_stairs":1,"minecraft:gray_wool":133,"minecraft:black_wool":1,"minecraft:coal":102},"minecraft:mined":{"minecraft:white_bed":3,"minecraft:cherry_log":14,"minecraft:cobblestone_stairs":5,"minecraft:sculk_vein":66,"minecraft:carved_pumpkin":2,"minecraft:granite":2,"minecraft:grass_block":54,"minecraft:yellow_carpet":8,"minecraft:oxeye_daisy":3,"minecraft:smooth_stone":2,"minecraft:raw_iron_block":1,"minecraft:sculk_catalyst":26,"minecraft:mossy_cobblestone_stairs":1,"minecraft:iron_ore":51,"minecraft:cobbled_deepslate":4,"minecraft:barrel":1,"minecraft:pumpkin":2,"minecraft:deepslate_lapis_ore":3,"minecraft:azure_bluet":4,"minecraft:sculk_shrieker":3,"minecraft:dirt_path":19,"minecraft:oak_stairs":169,"minecraft:deepslate_redstone_ore":5,"minecraft:soul_fire":2,"minecraft:powder_snow":33,"minecraft:blast_furnace":4,"minecraft:poppy":3,"minecraft:chest":2,"minecraft:cobblestone":165,"minecraft:sugar_cane":9,"minecraft:oak_planks":100,"minecraft:bricks":1,"minecraft:wall_torch":6,"minecraft:pink_petals":49,"minecraft:skeleton_skull":2,"minecraft:white_terracotta":56,"minecraft:grass":146,"minecraft:oak_log":55,"minecraft:beetroots":3,"minecraft:dirt":74,"minecraft:oak_leaves":12,"minecraft:deepslate":85,"minecraft:deepslate_tiles":2,"minecraft:tuff":10,"minecraft:mossy_cobblestone":17,"minecraft:deepslate_diamond_ore":8,"minecraft:oak_door":4,"minecraft:dark_oak_log":8,"minecraft:dark_oak_fence":10,"minecraft:hay_block":19,"minecraft:oak_trapdoor":6,"minecraft:furnace":4,"minecraft:carrots":20,"minecraft:snow":5,"minecraft:andesite":7,"minecraft:chiseled_deepslate":1,"minecraft:deepslate_iron_ore":12,"minecraft:cobblestone_slab":3,"minecraft:stripped_oak_log":16,"minecraft:stone":293,"minecraft:oak_slab":30,"minecraft:glass_pane":17,"minecraft:cherry_planks":2,"minecraft:snow_block":42,"minecraft:dandelion":146,"minecraft:crafting_table":4,"minecraft:cornflower":3,"minecraft:emerald_ore":2,"minecraft:rose_bush":7,"minecraft:sculk_sensor":144,"minecraft:campfire":2,"minecraft:tall_grass":24,"minecraft:lapis_ore":3,"minecraft:deepslate_gold_ore":18,"minecraft:sculk":197,"minecraft:diorite":14,"minecraft:gray_wool":83,"minecraft:white_carpet":8,"minecraft:yellow_bed":10,"minecraft:coal_ore":104,"minecraft:cherry_leaves":2,"minecraft:gravel":3,"minecraft:gold_ore":4},"minecraft:killed":{"minecraft:spider":10,"minecraft:skeleton":8,"minecraft:chicken":10,"minecraft:pig":2,"minecraft:salmon":3,"minecraft:creeper":1,"minecraft:sheep":4,"minecraft:pillager":20,"minecraft:zombie":22,"endofherobrine:cow":1,"minecraft:cow":4,"endofherobrine:rabbit":1,"endofherobrine:sheep":1,"minecraft:enderman":1},"minecraft:crafted":{"minecraft:oak_planks":208,"minecraft:smooth_stone":17,"minecraft:cobblestone_slab":30,"minecraft:barrel":4,"minecraft:cooked_chicken":1,"minecraft:stone":17,"minecraft:cooked_mutton":2,"minecraft:iron_boots":2,"minecraft:chest":3,"minecraft:stone_hoe":1,"minecraft:gray_bed":2,"minecraft:oak_slab":78,"minecraft:cooked_porkchop":3,"minecraft:crafting_table":15,"minecraft:wooden_pickaxe":1,"minecraft:campfire":2,"minecraft:iron_chestplate":2,"minecraft:shield":2,"minecraft:stick":120,"minecraft:iron_pickaxe":4,"minecraft:iron_ingot":57,"minecraft:stone_sword":1,"minecraft:gold_ingot":13,"minecraft:shears":1,"minecraft:wooden_sword":1,"minecraft:oak_door":3,"minecraft:raw_iron":9,"minecraft:stone_shovel":2,"minecraft:tripwire_hook":2,"minecraft:golden_chestplate":1,"minecraft:iron_nugget":9,"minecraft:furnace":4,"sanitydim:garland":13,"minecraft:white_carpet":24,"minecraft:lantern":1,"minecraft:ladder":9,"minecraft:iron_hoe":1,"minecraft:stone_pickaxe":5,"minecraft:wheat":171,"minecraft:crossbow":1,"minecraft:diamond_sword":1,"minecraft:iron_sword":2,"minecraft:bucket":1,"minecraft:stone_axe":3,"minecraft:bread":52,"minecraft:wooden_axe":2,"minecraft:torch":200},"minecraft:custom":{"minecraft:interact_with_crafting_table":89,"minecraft:open_barrel":16,"minecraft:bell_ring":1,"minecraft:leave_game":7,"minecraft:time_since_death":15192,"minecraft:sprint_one_cm":1034771,"minecraft:damage_blocked_by_shield":3990,"minecraft:drop":285,"minecraft:talked_to_villager":1,"minecraft:play_time":454353,"minecraft:deaths":39,"minecraft:jump":4730,"minecraft:walk_on_water_one_cm":23789,"minecraft:interact_with_furnace":47,"minecraft:interact_with_cartography_table":1,"minecraft:sleep_in_bed":24,"minecraft:damage_dealt":21813,"minecraft:player_kills":2,"minecraft:crouch_one_cm":230594,"minecraft:mob_kills":101,"minecraft:climb_one_cm":10258,"minecraft:walk_one_cm":1266204,"minecraft:sneak_time":68856,"minecraft:walk_under_water_one_cm":6834,"minecraft:interact_with_blast_furnace":18,"minecraft:total_world_time":454353,"minecraft:time_since_rest":5455,"minecraft:damage_taken":16465,"minecraft:swim_one_cm":3509,"minecraft:fly_one_cm":530260,"minecraft:open_chest":103,"minecraft:fall_one_cm":168215},"minecraft:used":{"minecraft:beetroot":3,"minecraft:ladder":4,"minecraft:chest":4,"minecraft:white_terracotta":52,"minecraft:shield":113,"minecraft:iron_sword":448,"minecraft:bell":1,"minecraft:sculk_sensor":5,"minecraft:carrot":88,"minecraft:snowball":73,"minecraft:lava_bucket":1,"minecraft:lantern":1,"minecraft:furnace":8,"minecraft:gray_bed":2,"minecraft:skeleton_skull":2,"minecraft:egg":1,"minecraft:potato":10,"minecraft:diorite":2,"minecraft:stone_pickaxe":347,"minecraft:oak_planks":33,"minecraft:wooden_pickaxe":31,"minecraft:blast_furnace":3,"minecraft:crossbow":18,"minecraft:shears":28,"minecraft:bread":31,"minecraft:oak_pressure_plate":2,"minecraft:diamond_sword":290,"minecraft:wooden_sword":133,"minecraft:bone_meal":1,"minecraft:oak_trapdoor":1,"minecraft:stone_sword":115,"minecraft:stone_shovel":160,"minecraft:cooked_chicken":1,"minecraft:stone_hoe":111,"simpletomb:grave_key":88,"minecraft:oak_door":4,"minecraft:torch":186,"minecraft:dirt":29,"minecraft:white_carpet":4,"minecraft:yellow_carpet":4,"minecraft:granite":1,"minecraft:iron_hoe":295,"minecraft:wooden_axe":70,"minecraft:oak_stairs":13,"minecraft:barrel":5,"minecraft:beef":6,"minecraft:goat_horn":5,"minecraft:cobbled_deepslate":1,"minecraft:cooked_mutton":2,"minecraft:birch_planks":2,"minecraft:cartography_table":1,"minecraft:cobblestone_slab":27,"minecraft:mossy_cobblestone":13,"minecraft:oak_slab":102,"minecraft:crafting_table":18,"minecraft:white_bed":3,"minecraft:campfire":2,"minecraft:oak_log":1,"minecraft:apple":8,"minecraft:chicken":7,"minecraft:iron_pickaxe":616,"minecraft:stone_axe":345,"minecraft:cobblestone":167,"minecraft:potion":1,"minecraft:cooked_porkchop":3,"minecraft:bucket":2,"minecraft:yellow_bed":11,"minecraft:stripped_oak_log":14,"minecraft:gray_wool":118,"minecraft:soul_torch":5},"minecraft:dropped":{"minecraft:iron_sword":6,"minecraft:lapis_lazuli":3,"minecraft:diamond":3,"minecraft:crafting_table":2,"minecraft:crossbow":1,"minecraft:dirt":13,"minecraft:cornflower":1,"minecraft:snowball":110,"minecraft:wooden_sword":1,"minecraft:iron_pickaxe":3,"minecraft:gravel":3,"minecraft:cobbled_deepslate":5,"minecraft:rotten_flesh":5,"minecraft:oak_planks":19,"minecraft:carrot":7,"minecraft:beetroot_seeds":4,"minecraft:ladder":9,"minecraft:bread":21,"minecraft:stone_hoe":3,"minecraft:iron_ingot":6,"minecraft:wheat_seeds":4,"simpletomb:grave_key":3,"minecraft:feather":5,"minecraft:granite":5,"minecraft:coal":32,"minecraft:gray_wool":8,"minecraft:diorite":2,"minecraft:torch":12,"minecraft:wooden_axe":1,"minecraft:iron_leggings":1,"minecraft:string":2,"minecraft:pink_petals":28,"minecraft:tripwire_hook":1,"minecraft:stone_sword":3,"minecraft:tuff":1,"minecraft:stone_shovel":3,"minecraft:raw_iron":9,"minecraft:shears":1,"minecraft:blast_furnace":1,"minecraft:andesite":3,"sanitydim:garland":6,"minecraft:stone_pickaxe":4,"minecraft:wooden_pickaxe":1},"minecraft:broken":{"minecraft:iron_boots":1,"sanitydim:garland":7,"minecraft:stone_pickaxe":1,"minecraft:stone_axe":2,"minecraft:iron_sword":1,"minecraft:golden_chestplate":1,"minecraft:iron_hoe":1,"minecraft:shield":1,"minecraft:iron_pickaxe":2},"minecraft:killed_by":{"endofherobrine:cow":1,"minecraft:pillager":4,"endofherobrine:sheep":1,"sanitydim:rotting_stalker":2,"man:managgresive":5,"sanitydim:sneaking_terror":1,"minecraft:zombie":1,"minecraft:player":1,"minecraft:spider":3,"minecraft:warden":7,"minecraft:skeleton":3,"endofherobrine:pigman":1,"cave_dweller:cave_dweller":2}},"DataVersion":3465}