{"stats":{"minecraft:killed":{"minecraft:spider":5,"endofherobrine:rabbit":1,"minecraft:skeleton":5,"minecraft:chicken":8,"minecraft:pig":1,"minecraft:sheep":4,"minecraft:pillager":17,"minecraft:zombie":13,"endofherobrine:cow":1,"endofherobrine:sheep":1,"minecraft:enderman":1,"minecraft:cow":3},"minecraft:killed_by":{"minecraft:player":1,"minecraft:spider":3,"minecraft:pillager":4,"endofherobrine:sheep":1,"sanitydim:rotting_stalker":1,"man:managgresive":4,"sanitydim:sneaking_terror":1,"minecraft:warden":7,"minecraft:skeleton":1,"minecraft:zombie":1,"cave_dweller:cave_dweller":2},"minecraft:crafted":{"minecraft:wooden_sword":1,"minecraft:oak_door":3,"minecraft:smooth_stone":17,"minecraft:oak_planks":204,"minecraft:raw_iron":9,"minecraft:cobblestone_slab":30,"minecraft:stone_shovel":2,"minecraft:barrel":4,"minecraft:golden_chestplate":1,"minecraft:cooked_chicken":1,"minecraft:furnace":4,"minecraft:stone":17,"sanitydim:garland":10,"minecraft:white_carpet":24,"minecraft:iron_boots":1,"minecraft:ladder":9,"minecraft:iron_hoe":1,"minecraft:stone_pickaxe":5,"minecraft:chest":3,"minecraft:stone_hoe":1,"minecraft:gray_bed":2,"minecraft:wheat":171,"minecraft:oak_slab":78,"minecraft:diamond_sword":1,"minecraft:cooked_porkchop":3,"minecraft:crafting_table":14,"minecraft:wooden_pickaxe":1,"minecraft:iron_sword":2,"minecraft:bucket":1,"minecraft:campfire":2,"minecraft:stone_axe":3,"minecraft:bread":52,"minecraft:iron_chestplate":1,"minecraft:shield":2,"minecraft:stick":112,"minecraft:iron_ingot":33,"minecraft:iron_pickaxe":3,"minecraft:wooden_axe":2,"minecraft:stone_sword":1,"minecraft:gold_ingot":13,"minecraft:torch":172,"minecraft:shears":1},"minecraft:mined":{"minecraft:deepslate_tiles":2,"minecraft:tuff":10,"minecraft:white_bed":3,"minecraft:mossy_cobblestone":17,"minecraft:deepslate_diamond_ore":8,"minecraft:oak_door":4,"minecraft:sculk_vein":66,"minecraft:cobblestone_stairs":5,"minecraft:cherry_log":14,"minecraft:dark_oak_log":1,"minecraft:dark_oak_fence":6,"minecraft:granite":2,"minecraft:grass_block":52,"minecraft:yellow_carpet":8,"minecraft:oxeye_daisy":3,"minecraft:hay_block":17,"minecraft:smooth_stone":2,"minecraft:raw_iron_block":1,"minecraft:oak_trapdoor":6,"minecraft:carrots":4,"minecraft:sculk_catalyst":26,"minecraft:furnace":4,"minecraft:mossy_cobblestone_stairs":1,"minecraft:iron_ore":51,"minecraft:barrel":1,"minecraft:cobbled_deepslate":4,"minecraft:snow":5,"minecraft:andesite":7,"minecraft:chiseled_deepslate":1,"minecraft:deepslate_lapis_ore":3,"minecraft:azure_bluet":4,"minecraft:sculk_shrieker":3,"minecraft:dirt_path":19,"minecraft:cobblestone_slab":3,"minecraft:deepslate_iron_ore":12,"minecraft:oak_stairs":169,"minecraft:stripped_oak_log":16,"minecraft:stone":284,"minecraft:deepslate_redstone_ore":5,"minecraft:oak_slab":30,"minecraft:glass_pane":17,"minecraft:cherry_planks":2,"minecraft:snow_block":42,"minecraft:soul_fire":2,"minecraft:dandelion":128,"minecraft:powder_snow":33,"minecraft:cornflower":3,"minecraft:crafting_table":4,"minecraft:blast_furnace":4,"minecraft:emerald_ore":1,"minecraft:poppy":3,"minecraft:chest":2,"minecraft:sculk_sensor":144,"minecraft:campfire":2,"minecraft:tall_grass":19,"minecraft:cobblestone":165,"minecraft:deepslate_gold_ore":18,"minecraft:lapis_ore":3,"minecraft:oak_planks":100,"minecraft:wall_torch":4,"minecraft:bricks":1,"minecraft:sculk":197,"minecraft:diorite":14,"minecraft:skeleton_skull":2,"minecraft:pink_petals":42,"minecraft:white_terracotta":56,"minecraft:gray_wool":83,"minecraft:white_carpet":8,"minecraft:yellow_bed":10,"minecraft:grass":113,"minecraft:coal_ore":82,"minecraft:oak_log":55,"minecraft:beetroots":3,"minecraft:gravel":3,"minecraft:cherry_leaves":2,"minecraft:dirt":72,"minecraft:gold_ore":4,"minecraft:deepslate":85,"minecraft:oak_leaves":4},"minecraft:picked_up":{"minecraft:charcoal":4,"minecraft:crafting_table":5,"minecraft:wheat":3,"minecraft:azure_bluet":5,"minecraft:chicken":8,"minecraft:ladder":9,"minecraft:wooden_pickaxe":1,"minecraft:oak_stairs":169,"minecraft:cornflower":3,"minecraft:oak_trapdoor":5,"minecraft:string":6,"minecraft:raw_copper":16,"minecraft:iron_leggings":1,"minecraft:white_carpet":8,"minecraft:beetroot":3,"minecraft:diamond_leggings":1,"minecraft:smooth_stone":5,"minecraft:cobbled_deepslate":55,"minecraft:beef":6,"minecraft:cobblestone_slab":3,"minecraft:poppy":3,"minecraft:iron_pickaxe":2,"minecraft:chest":1,"minecraft:furnace":4,"minecraft:egg":8,"minecraft:raw_iron":62,"minecraft:stick":4,"minecraft:oak_door":7,"minecraft:oak_fence":5,"minecraft:torch":28,"minecraft:porkchop":3,"minecraft:cherry_log":11,"minecraft:diorite":87,"minecraft:carrot":21,"minecraft:redstone":22,"minecraft:stone_sword":2,"minecraft:arrow":11,"minecraft:stone_shovel":2,"minecraft:rotten_flesh":33,"minecraft:beetroot_seeds":15,"minecraft:shears":1,"minecraft:hay_block":26,"minecraft:white_terracotta":54,"minecraft:mutton":8,"minecraft:skeleton_skull":2,"minecraft:snowball":163,"minecraft:white_wool":25,"minecraft:cobblestone":532,"minecraft:oxeye_daisy":3,"minecraft:stripped_oak_log":16,"minecraft:pink_petals":130,"minecraft:feather":12,"minecraft:cherry_planks":6,"minecraft:andesite":10,"minecraft:leather":6,"minecraft:potato":8,"minecraft:birch_planks":2,"minecraft:tuff":1,"minecraft:oak_log":58,"minecraft:yellow_bed":11,"minecraft:cobblestone_stairs":6,"simpletomb:grave_key":1,"sanitydim:garland":3,"minecraft:lapis_lazuli":51,"minecraft:dirt":182,"minecraft:white_banner":1,"minecraft:bone":13,"minecraft:apple":1,"minecraft:wheat_seeds":27,"minecraft:raw_gold":19,"minecraft:iron_sword":6,"minecraft:stone_hoe":3,"minecraft:oak_planks":103,"minecraft:oak_slab":32,"minecraft:dandelion":123,"minecraft:oak_pressure_plate":1,"minecraft:raw_iron_block":1,"minecraft:gravel":56,"minecraft:blast_furnace":4,"minecraft:white_bed":3,"minecraft:spider_eye":2,"minecraft:barrel":1,"minecraft:mossy_cobblestone":16,"minecraft:yellow_carpet":8,"minecraft:diamond":11,"minecraft:crossbow":4,"minecraft:granite":10,"minecraft:grass":2,"minecraft:cherry_sapling":1,"minecraft:mossy_cobblestone_stairs":1,"minecraft:gray_wool":133,"minecraft:emerald":1,"minecraft:oak_sapling":2,"minecraft:black_wool":1,"minecraft:dark_oak_fence":2,"minecraft:bricks":1,"minecraft:coal":80},"minecraft:dropped":{"minecraft:stone_hoe":3,"minecraft:iron_sword":6,"minecraft:bread":21,"minecraft:lapis_lazuli":3,"minecraft:wheat_seeds":4,"minecraft:diamond":3,"minecraft:crafting_table":2,"simpletomb:grave_key":3,"minecraft:crossbow":1,"minecraft:feather":5,"minecraft:granite":5,"minecraft:coal":32,"minecraft:dirt":13,"minecraft:diorite":2,"minecraft:torch":12,"minecraft:cornflower":1,"minecraft:wooden_axe":1,"minecraft:snowball":45,"minecraft:iron_leggings":1,"minecraft:wooden_sword":1,"minecraft:iron_pickaxe":3,"minecraft:string":2,"minecraft:pink_petals":28,"minecraft:gravel":3,"minecraft:stone_sword":3,"minecraft:cobbled_deepslate":5,"minecraft:stone_shovel":3,"minecraft:rotten_flesh":5,"minecraft:oak_planks":15,"minecraft:shears":1,"minecraft:blast_furnace":1,"minecraft:beetroot_seeds":4,"minecraft:andesite":3,"sanitydim:garland":5,"minecraft:ladder":9,"minecraft:stone_pickaxe":3,"minecraft:wooden_pickaxe":1},"minecraft:custom":{"minecraft:mob_kills":67,"minecraft:interact_with_crafting_table":79,"minecraft:open_barrel":6,"minecraft:leave_game":6,"minecraft:time_since_death":3539,"minecraft:climb_one_cm":10258,"minecraft:sprint_one_cm":796571,"minecraft:walk_one_cm":1088971,"minecraft:damage_blocked_by_shield":3050,"minecraft:drop":207,"minecraft:talked_to_villager":1,"minecraft:play_time":394377,"minecraft:sneak_time":68355,"minecraft:deaths":33,"minecraft:walk_under_water_one_cm":4945,"minecraft:jump":3488,"minecraft:interact_with_blast_furnace":14,"minecraft:walk_on_water_one_cm":6421,"minecraft:total_world_time":394377,"minecraft:interact_with_furnace":34,"minecraft:sleep_in_bed":19,"minecraft:time_since_rest":3578,"minecraft:damage_taken":14285,"minecraft:damage_dealt":16370,"minecraft:player_kills":2,"minecraft:fly_one_cm":387545,"minecraft:open_chest":93,"minecraft:crouch_one_cm":229328,"minecraft:fall_one_cm":138943},"minecraft:used":{"minecraft:oak_trapdoor":1,"minecraft:beetroot":3,"minecraft:stone_sword":74,"minecraft:stone_shovel":160,"minecraft:ladder":4,"minecraft:chest":4,"minecraft:white_terracotta":52,"minecraft:shield":87,"minecraft:iron_sword":448,"minecraft:stone_hoe":111,"simpletomb:grave_key":73,"minecraft:sculk_sensor":5,"minecraft:oak_door":4,"minecraft:torch":172,"minecraft:dirt":29,"minecraft:white_carpet":4,"minecraft:carrot":44,"minecraft:yellow_carpet":4,"minecraft:snowball":57,"minecraft:iron_hoe":295,"minecraft:wooden_axe":70,"minecraft:lava_bucket":1,"minecraft:oak_stairs":13,"minecraft:barrel":5,"minecraft:beef":6,"minecraft:goat_horn":4,"minecraft:furnace":8,"minecraft:gray_bed":2,"minecraft:skeleton_skull":2,"minecraft:egg":1,"minecraft:potato":10,"minecraft:birch_planks":2,"minecraft:oak_planks":33,"minecraft:stone_pickaxe":319,"minecraft:wooden_pickaxe":31,"minecraft:cobblestone_slab":27,"minecraft:mossy_cobblestone":13,"minecraft:oak_slab":102,"minecraft:crafting_table":17,"minecraft:white_bed":3,"minecraft:blast_furnace":3,"minecraft:crossbow":5,"minecraft:campfire":2,"minecraft:shears":28,"minecraft:oak_log":1,"minecraft:apple":8,"minecraft:chicken":7,"minecraft:bread":31,"minecraft:iron_pickaxe":612,"minecraft:oak_pressure_plate":2,"minecraft:stone_axe":345,"minecraft:diamond_sword":92,"minecraft:wooden_sword":133,"minecraft:potion":1,"minecraft:cobblestone":158,"minecraft:cooked_porkchop":3,"minecraft:bucket":2,"minecraft:yellow_bed":11,"minecraft:stripped_oak_log":14,"minecraft:gray_wool":118,"minecraft:soul_torch":5},"minecraft:broken":{"minecraft:iron_boots":1,"sanitydim:garland":6,"minecraft:stone_pickaxe":1,"minecraft:shield":1,"minecraft:stone_axe":2,"minecraft:iron_sword":1,"minecraft:iron_pickaxe":2,"minecraft:iron_hoe":1}},"DataVersion":3465}