{"stats":{"minecraft:custom":{"minecraft:interact_with_furnace":11,"minecraft:mob_kills":21,"minecraft:interact_with_crafting_table":19,"minecraft:leave_game":1,"minecraft:time_since_death":4946,"minecraft:sleep_in_bed":4,"minecraft:time_since_rest":4982,"minecraft:sprint_one_cm":241484,"minecraft:damage_taken":2769,"minecraft:walk_one_cm":297660,"minecraft:drop":43,"minecraft:damage_dealt":4406,"minecraft:player_kills":1,"minecraft:talked_to_villager":1,"minecraft:fly_one_cm":68908,"minecraft:open_chest":13,"minecraft:crouch_one_cm":3260,"minecraft:play_time":82140,"minecraft:deaths":7,"minecraft:sneak_time":826,"minecraft:walk_under_water_one_cm":4745,"minecraft:jump":628,"minecraft:interact_with_blast_furnace":11,"minecraft:walk_on_water_one_cm":6303,"minecraft:total_world_time":82140,"minecraft:fall_one_cm":16775},"minecraft:broken":{"sanitydim:garland":2},"minecraft:used":{"minecraft:stone_sword":45,"minecraft:stone_shovel":63,"minecraft:stone_pickaxe":66,"minecraft:oak_planks":31,"minecraft:chest":1,"minecraft:wooden_pickaxe":31,"minecraft:iron_sword":158,"simpletomb:grave_key":9,"minecraft:oak_door":3,"minecraft:torch":5,"minecraft:mossy_cobblestone":13,"minecraft:dirt":1,"minecraft:white_carpet":4,"minecraft:oak_slab":53,"minecraft:crafting_table":7,"minecraft:blast_furnace":3,"minecraft:yellow_carpet":4,"minecraft:wooden_axe":50,"minecraft:apple":1,"minecraft:chicken":5,"minecraft:oak_stairs":13,"minecraft:bread":11,"minecraft:iron_pickaxe":147,"minecraft:stone_axe":81,"minecraft:wooden_sword":133,"minecraft:cobblestone":102,"minecraft:furnace":7,"minecraft:cooked_porkchop":3,"minecraft:yellow_bed":9},"minecraft:crafted":{"minecraft:wooden_sword":1,"minecraft:oak_door":3,"minecraft:oak_slab":54,"minecraft:oak_planks":80,"minecraft:stone_shovel":2,"minecraft:cooked_porkchop":3,"minecraft:crafting_table":4,"minecraft:wooden_pickaxe":1,"minecraft:iron_sword":1,"minecraft:furnace":3,"sanitydim:garland":4,"minecraft:stone_axe":1,"minecraft:bread":15,"minecraft:iron_boots":1,"minecraft:iron_chestplate":1,"minecraft:stick":20,"minecraft:iron_ingot":19,"minecraft:iron_pickaxe":1,"minecraft:stone_pickaxe":1,"minecraft:wooden_axe":1,"minecraft:stone_sword":1,"minecraft:shears":1,"minecraft:wheat":90},"minecraft:killed":{"minecraft:pig":1,"minecraft:spider":3,"minecraft:sheep":3,"minecraft:zombie":1,"minecraft:chicken":5,"minecraft:enderman":1,"minecraft:cow":2},"minecraft:killed_by":{"man:managgresive":3,"minecraft:player":1,"minecraft:spider":1,"minecraft:zombie":1,"sanitydim:rotting_stalker":1},"minecraft:mined":{"minecraft:oak_slab":7,"minecraft:glass_pane":9,"minecraft:mossy_cobblestone":17,"minecraft:oak_door":4,"minecraft:cobblestone_stairs":4,"minecraft:dandelion":49,"minecraft:crafting_table":4,"minecraft:blast_furnace":4,"minecraft:grass_block":29,"minecraft:yellow_carpet":4,"minecraft:chest":2,"minecraft:cobblestone":122,"minecraft:tall_grass":2,"minecraft:oak_planks":43,"minecraft:bricks":1,"minecraft:wall_torch":1,"minecraft:pink_petals":23,"minecraft:hay_block":17,"minecraft:furnace":4,"minecraft:iron_ore":19,"minecraft:white_carpet":4,"minecraft:yellow_bed":8,"minecraft:coal_ore":11,"minecraft:grass":52,"minecraft:dirt_path":19,"minecraft:oak_log":46,"minecraft:beetroots":1,"minecraft:oak_stairs":16,"minecraft:dirt":47,"minecraft:stone":28,"minecraft:oak_leaves":4},"minecraft:picked_up":{"minecraft:wheat":3,"minecraft:azure_bluet":1,"minecraft:pink_petals":90,"minecraft:crafting_table":5,"minecraft:feather":10,"minecraft:chicken":5,"minecraft:leather":4,"minecraft:wooden_pickaxe":1,"minecraft:potato":6,"minecraft:oak_stairs":18,"minecraft:oak_log":45,"minecraft:yellow_bed":9,"minecraft:cobblestone_stairs":5,"simpletomb:grave_key":1,"sanitydim:garland":2,"minecraft:string":2,"minecraft:dirt":101,"minecraft:white_carpet":4,"minecraft:beetroot":1,"minecraft:apple":1,"minecraft:smooth_stone":3,"minecraft:wheat_seeds":15,"minecraft:beef":3,"minecraft:iron_pickaxe":1,"minecraft:chest":1,"minecraft:oak_planks":42,"minecraft:furnace":4,"minecraft:egg":2,"minecraft:oak_slab":8,"minecraft:stick":3,"minecraft:raw_iron":19,"minecraft:oak_door":7,"minecraft:oak_fence":5,"minecraft:oak_pressure_plate":1,"minecraft:torch":7,"minecraft:dandelion":48,"minecraft:porkchop":3,"minecraft:blast_furnace":4,"minecraft:carrot":2,"minecraft:stone_shovel":1,"minecraft:mossy_cobblestone":16,"minecraft:yellow_carpet":4,"minecraft:stone_sword":2,"minecraft:rotten_flesh":13,"minecraft:beetroot_seeds":5,"minecraft:hay_block":26,"minecraft:gray_wool":1,"minecraft:oak_sapling":2,"minecraft:coal":9,"minecraft:bricks":1,"minecraft:black_wool":1,"minecraft:mutton":6,"minecraft:cobblestone":149,"minecraft:white_wool":2},"minecraft:dropped":{"minecraft:bread":10,"minecraft:stone_sword":2,"minecraft:crafting_table":2,"simpletomb:grave_key":1,"minecraft:stone_shovel":2,"minecraft:rotten_flesh":5,"minecraft:oak_planks":15,"minecraft:blast_furnace":1,"minecraft:wooden_axe":1,"sanitydim:garland":1,"minecraft:wooden_sword":1,"minecraft:wooden_pickaxe":1,"minecraft:iron_pickaxe":1}},"DataVersion":3465}