{"stats":{"minecraft:killed_by":{"man:managgresive":3,"sanitydim:sneaking_terror":1,"minecraft:skeleton":2,"minecraft:creeper":5,"minecraft:spider":2,"minecraft:zombie":1,"endofherobrine:pigman":2,"endofherobrine:sheep":1,"minecraft:chicken":1},"minecraft:picked_up":{"minecraft:birch_log":12,"minecraft:feather":2,"minecraft:crafting_table":1,"minecraft:wheat":3,"minecraft:azure_bluet":1,"minecraft:chicken":3,"minecraft:andesite":8,"minecraft:oak_log":54,"minecraft:gunpowder":3,"minecraft:cobblestone_wall":4,"minecraft:lapis_lazuli":25,"minecraft:cornflower":1,"minecraft:string":10,"minecraft:dirt":266,"minecraft:raw_copper":33,"minecraft:bone":12,"minecraft:wheat_seeds":14,"minecraft:iron_ingot":2,"minecraft:stone_pickaxe":66,"minecraft:poppy":1,"minecraft:iron_sword":5,"minecraft:chest":2,"minecraft:stone_hoe":1,"minecraft:oak_planks":14,"minecraft:stick":18,"minecraft:raw_iron":2,"minecraft:oak_door":7,"minecraft:pumpkin":8,"minecraft:torch":32,"minecraft:gravel":7,"minecraft:porkchop":4,"minecraft:sand":11,"minecraft:diorite":9,"minecraft:spider_eye":4,"minecraft:stone_sword":12,"minecraft:arrow":19,"minecraft:rotten_flesh":18,"minecraft:stone_shovel":12,"minecraft:stone_axe":16,"minecraft:granite":11,"minecraft:bread":1,"minecraft:oak_sapling":11,"minecraft:mutton":2,"minecraft:coal":64,"minecraft:cobblestone":983,"minecraft:oxeye_daisy":1},"minecraft:crafted":{"minecraft:oak_door":3,"minecraft:oak_slab":12,"minecraft:oak_planks":80,"minecraft:stone_shovel":1,"minecraft:barrel":3,"minecraft:cooked_porkchop":5,"minecraft:crafting_table":1,"minecraft:iron_sword":1,"minecraft:furnace":12,"minecraft:bone_meal":6,"minecraft:stone_axe":1,"minecraft:cooked_mutton":2,"minecraft:glass":7,"minecraft:stick":24,"minecraft:cobblestone_wall":30,"minecraft:stone_pickaxe":9,"minecraft:stone_sword":1,"minecraft:chest":2,"minecraft:lapis_block":2},"minecraft:broken":{"minecraft:stone_pickaxe":3},"minecraft:custom":{"minecraft:interact_with_furnace":16,"minecraft:mob_kills":27,"minecraft:interact_with_crafting_table":28,"minecraft:open_barrel":27,"minecraft:leave_game":1,"minecraft:time_since_death":16939,"minecraft:sleep_in_bed":2,"minecraft:time_since_rest":12431,"minecraft:sprint_one_cm":451940,"minecraft:damage_taken":6845,"minecraft:walk_one_cm":239597,"minecraft:drop":29,"minecraft:damage_dealt":3333,"minecraft:swim_one_cm":5493,"minecraft:fly_one_cm":110396,"minecraft:player_kills":1,"minecraft:open_chest":74,"minecraft:crouch_one_cm":1158,"minecraft:play_time":121291,"minecraft:deaths":21,"minecraft:sneak_time":360,"minecraft:walk_under_water_one_cm":11362,"minecraft:jump":1023,"minecraft:walk_on_water_one_cm":10137,"minecraft:total_world_time":121291,"minecraft:fall_one_cm":30743},"minecraft:dropped":{"minecraft:stone_hoe":1,"minecraft:bread":1,"minecraft:wheat_seeds":9,"minecraft:stone_sword":2,"minecraft:cooked_porkchop":1,"minecraft:wheat":2,"minecraft:stone_shovel":1,"minecraft:cobblestone":7,"minecraft:stick":1,"minecraft:oak_sapling":4},"minecraft:killed":{"minecraft:pig":1,"minecraft:spider":5,"minecraft:creeper":4,"minecraft:sheep":1,"minecraft:skeleton":7,"minecraft:zombie":2,"minecraft:chicken":3,"endofherobrine:chicken":1,"endofherobrine:sheep":3},"minecraft:mined":{"minecraft:oak_door":1,"minecraft:cornflower":1,"minecraft:torch":6,"minecraft:granite":11,"minecraft:grass_block":9,"minecraft:poppy":1,"minecraft:tall_grass":1,"minecraft:glass":2,"minecraft:copper_ore":10,"minecraft:cobblestone":8,"minecraft:lapis_ore":4,"minecraft:diorite":4,"minecraft:oxeye_daisy":1,"minecraft:wall_torch":5,"minecraft:cobblestone_wall":4,"minecraft:birch_log":7,"minecraft:iron_ore":2,"minecraft:wheat":1,"minecraft:andesite":8,"minecraft:birch_leaves":1,"minecraft:pumpkin":9,"minecraft:azure_bluet":1,"minecraft:grass":11,"minecraft:coal_ore":50,"minecraft:oak_log":15,"minecraft:gravel":6,"minecraft:sand":11,"minecraft:dirt":49,"minecraft:stone":408,"minecraft:tripwire":1,"minecraft:oak_leaves":12},"minecraft:used":{"minecraft:wheat_seeds":1,"minecraft:cooked_mutton":3,"minecraft:diorite":4,"minecraft:stone_sword":62,"minecraft:stone_shovel":30,"minecraft:stone_pickaxe":543,"minecraft:chest":2,"minecraft:iron_sword":87,"minecraft:rotten_flesh":3,"minecraft:oak_door":3,"minecraft:torch":9,"minecraft:dirt":19,"minecraft:crafting_table":1,"minecraft:cobblestone_wall":34,"minecraft:glass":7,"minecraft:string":1,"minecraft:gravel":1,"minecraft:barrel":3,"minecraft:stone_axe":13,"minecraft:cobblestone":109,"minecraft:furnace":12,"minecraft:oak_sapling":2,"minecraft:cooked_porkchop":4,"minecraft:egg":3,"minecraft:pumpkin":4,"minecraft:bone_meal":6}},"DataVersion":3465}