{"stats":{"minecraft:custom":{"minecraft:time_since_rest":34,"minecraft:sprint_one_cm":39779,"minecraft:damage_taken":645,"minecraft:walk_one_cm":28839,"minecraft:damage_dealt":10,"minecraft:interact_with_crafting_table":3,"minecraft:fly_one_cm":13735,"minecraft:open_chest":1,"minecraft:play_time":13532,"minecraft:deaths":1,"minecraft:sneak_time":28,"minecraft:jump":85,"minecraft:sleep_in_bed":2,"minecraft:time_since_death":12780,"minecraft:total_world_time":13532,"minecraft:fall_one_cm":6122},"minecraft:used":{"minecraft:bread":3,"minecraft:wooden_pickaxe":2,"minecraft:egg":1},"minecraft:crafted":{"minecraft:cherry_planks":32,"minecraft:wooden_sword":1,"minecraft:cherry_wood":6,"minecraft:crafting_table":1,"minecraft:stick":12,"minecraft:wooden_pickaxe":1,"minecraft:wooden_axe":1},"minecraft:mined":{"minecraft:cherry_log":18,"minecraft:dandelion":2,"minecraft:azure_bluet":4,"minecraft:cornflower":5,"minecraft:grass":1,"minecraft:grass_block":1,"minecraft:poppy":1,"minecraft:oak_stairs":2,"minecraft:cherry_leaves":3,"minecraft:oak_planks":1,"minecraft:oxeye_daisy":2},"minecraft:picked_up":{"minecraft:azure_bluet":4,"minecraft:dandelion":3,"minecraft:oak_stairs":1,"minecraft:cherry_log":12,"minecraft:cornflower":5,"minecraft:rotten_flesh":5,"minecraft:wheat_seeds":1,"minecraft:cherry_sapling":1,"minecraft:bread":10,"minecraft:poppy":1,"minecraft:oak_planks":1,"minecraft:egg":1,"minecraft:oxeye_daisy":1}},"DataVersion":3465}