{"stats":{"minecraft:killed":{"minecraft:spider":2,"minecraft:skeleton":1,"minecraft:iron_golem":1,"minecraft:zombie":6,"minecraft:cow":1},"minecraft:killed_by":{"minecraft:player":3,"minecraft:spider":1,"sanitydim:rotting_stalker":1,"man:managgresive":2,"minecraft:warden":2,"minecraft:skeleton":1,"minecraft:zombie":2},"minecraft:mined":{"minecraft:blue_carpet":2,"minecraft:tuff":5,"minecraft:mossy_cobblestone":15,"minecraft:sculk_vein":39,"minecraft:cherry_log":34,"minecraft:cobblestone_stairs":7,"minecraft:granite":2,"minecraft:grass_block":90,"minecraft:oak_pressure_plate":1,"minecraft:deepslate_tile_stairs":1,"minecraft:cartography_table":1,"minecraft:oxeye_daisy":2,"minecraft:smooth_stone":7,"minecraft:oak_trapdoor":1,"minecraft:andesite":7,"minecraft:azure_bluet":5,"minecraft:polished_deepslate":1,"minecraft:dirt_path":32,"minecraft:oak_stairs":3,"minecraft:stone":101,"minecraft:oak_slab":2,"minecraft:glass_pane":1,"minecraft:cherry_planks":1,"minecraft:dandelion":8,"minecraft:oak_fence":2,"minecraft:crafting_table":5,"minecraft:cornflower":8,"minecraft:torch":5,"minecraft:blast_furnace":2,"minecraft:poppy":3,"minecraft:chest":3,"minecraft:tall_grass":1,"minecraft:cobblestone":176,"minecraft:oak_planks":3,"minecraft:cracked_deepslate_bricks":1,"minecraft:bricks":2,"minecraft:sculk":47,"minecraft:wall_torch":11,"minecraft:pink_petals":5,"minecraft:white_terracotta":3,"minecraft:gray_wool":1,"minecraft:yellow_bed":14,"minecraft:grass":18,"minecraft:oak_log":2,"minecraft:coal_ore":11,"minecraft:cherry_leaves":4,"minecraft:gravel":5,"minecraft:dirt":145,"minecraft:deepslate":43},"minecraft:crafted":{"minecraft:cherry_planks":92,"minecraft:wooden_sword":1,"minecraft:oak_planks":8,"minecraft:cherry_wood":6,"sanitydim:garland":2,"minecraft:cooked_mutton":4,"minecraft:ladder":3,"minecraft:stone_pickaxe":1,"minecraft:chest":1,"minecraft:crafting_table":2,"minecraft:wooden_pickaxe":7,"minecraft:iron_sword":1,"minecraft:stone_axe":1,"minecraft:shield":1,"minecraft:stick":40,"minecraft:wooden_axe":1,"minecraft:cherry_door":3,"minecraft:torch":24},"minecraft:picked_up":{"minecraft:crafting_table":6,"minecraft:azure_bluet":6,"minecraft:wooden_pickaxe":2,"minecraft:oak_stairs":5,"minecraft:cornflower":14,"minecraft:polished_deepslate":1,"minecraft:oak_trapdoor":1,"minecraft:string":13,"minecraft:wooden_sword":1,"minecraft:diamond_leggings":1,"minecraft:cartography_table":1,"minecraft:smooth_stone":7,"minecraft:cobbled_deepslate":62,"minecraft:beef":2,"minecraft:poppy":4,"minecraft:iron_pickaxe":1,"minecraft:chest":2,"minecraft:egg":10,"minecraft:furnace":1,"minecraft:oak_door":3,"minecraft:oak_fence":3,"minecraft:torch":18,"minecraft:cherry_log":25,"minecraft:diorite":1,"minecraft:carrot":1,"minecraft:deepslate_tile_stairs":1,"minecraft:blue_carpet":1,"minecraft:stone_sword":1,"minecraft:rotten_flesh":36,"minecraft:arrow":4,"minecraft:stone_shovel":1,"minecraft:cracked_deepslate_bricks":1,"minecraft:white_terracotta":3,"minecraft:deepslate_brick_stairs":1,"minecraft:mutton":12,"minecraft:snowball":16,"minecraft:cobblestone":389,"minecraft:oxeye_daisy":1,"minecraft:pink_petals":30,"minecraft:cherry_planks":10,"minecraft:andesite":14,"minecraft:flint":2,"minecraft:tuff":9,"minecraft:oak_log":2,"minecraft:yellow_bed":14,"minecraft:cobblestone_stairs":10,"sanitydim:garland":2,"minecraft:dirt":320,"minecraft:bone":3,"minecraft:wheat_seeds":6,"minecraft:raw_gold":9,"minecraft:bell":1,"minecraft:stone_pickaxe":1,"minecraft:iron_ingot":3,"minecraft:oak_planks":8,"minecraft:stone_hoe":1,"minecraft:oak_slab":2,"minecraft:dandelion":36,"minecraft:oak_pressure_plate":3,"minecraft:gravel":8,"minecraft:blast_furnace":3,"minecraft:mossy_cobblestone":19,"minecraft:granite":1,"minecraft:cherry_sapling":2,"minecraft:gray_wool":10,"minecraft:bread":21,"minecraft:coal":21,"minecraft:bricks":3},"minecraft:dropped":{"minecraft:dirt":3,"minecraft:cherry_planks":13,"minecraft:string":11,"minecraft:furnace":1,"minecraft:yellow_bed":1,"minecraft:wooden_pickaxe":1},"minecraft:custom":{"minecraft:mob_kills":12,"minecraft:interact_with_crafting_table":27,"minecraft:leave_game":1,"minecraft:time_since_death":337,"minecraft:climb_one_cm":3714,"minecraft:sprint_one_cm":448644,"minecraft:walk_one_cm":737992,"minecraft:damage_blocked_by_shield":1289,"minecraft:drop":30,"minecraft:talked_to_villager":3,"minecraft:play_time":305528,"minecraft:deaths":14,"minecraft:sneak_time":23218,"minecraft:jump":2100,"minecraft:total_world_time":305528,"minecraft:interact_with_furnace":8,"minecraft:interact_with_stonecutter":2,"minecraft:sleep_in_bed":22,"minecraft:time_since_rest":368,"minecraft:damage_taken":5057,"minecraft:damage_dealt":3284,"minecraft:fly_one_cm":192744,"minecraft:player_kills":1,"minecraft:open_chest":28,"minecraft:crouch_one_cm":43793,"minecraft:fall_one_cm":50257},"minecraft:used":{"minecraft:stone_sword":12,"minecraft:stone_shovel":25,"minecraft:ladder":3,"minecraft:chest":3,"minecraft:shield":34,"minecraft:white_terracotta":2,"minecraft:iron_sword":148,"minecraft:stone_hoe":10,"minecraft:rotten_flesh":5,"simpletomb:grave_key":26,"minecraft:oak_door":3,"minecraft:torch":42,"minecraft:dirt":167,"minecraft:mutton":2,"minecraft:carrot":1,"minecraft:wooden_axe":32,"minecraft:bricks":3,"minecraft:beef":2,"minecraft:egg":3,"minecraft:cooked_mutton":4,"minecraft:diorite":27,"minecraft:stone_pickaxe":129,"minecraft:oak_planks":3,"minecraft:wooden_pickaxe":384,"minecraft:cherry_planks":4,"minecraft:mossy_cobblestone":19,"minecraft:oak_slab":1,"minecraft:crafting_table":8,"minecraft:blast_furnace":3,"minecraft:cherry_door":1,"minecraft:bread":16,"minecraft:iron_pickaxe":1,"minecraft:oak_pressure_plate":1,"minecraft:gravel":2,"minecraft:wooden_sword":58,"minecraft:cobblestone":396,"minecraft:yellow_bed":13,"minecraft:smooth_stone":9},"minecraft:broken":{"sanitydim:garland":3,"minecraft:wooden_pickaxe":4,"minecraft:stone_pickaxe":1,"minecraft:wooden_sword":2,"minecraft:wooden_axe":1}},"DataVersion":3465}