{"stats":{"minecraft:killed":{"minecraft:spider":2,"minecraft:skeleton":1,"minecraft:pig":4,"minecraft:salmon":2,"minecraft:iron_golem":1,"minecraft:squid":1,"minecraft:creeper":1,"minecraft:sheep":1,"minecraft:pillager":19,"minecraft:zombie":6,"minecraft:cow":1},"minecraft:killed_by":{"endofherobrine:cow":1,"minecraft:player":3,"minecraft:spider":1,"minecraft:pillager":1,"sanitydim:rotting_stalker":2,"man:managgresive":5,"minecraft:warden":17,"minecraft:skeleton":1,"minecraft:zombie":2,"cave_dweller:cave_dweller":1},"minecraft:crafted":{"minecraft:cherry_planks":92,"minecraft:wooden_sword":1,"minecraft:oak_planks":8,"minecraft:cherry_wood":6,"minecraft:spyglass":2,"minecraft:stone":10,"sanitydim:garland":6,"minecraft:cooked_mutton":4,"minecraft:iron_boots":1,"minecraft:ladder":3,"minecraft:stone_pickaxe":1,"minecraft:chest":2,"minecraft:dark_oak_planks":32,"minecraft:golden_helmet":1,"minecraft:gray_bed":1,"minecraft:crafting_table":5,"minecraft:iron_helmet":1,"minecraft:wooden_pickaxe":7,"minecraft:iron_sword":3,"minecraft:copper_ingot":16,"minecraft:stone_axe":1,"minecraft:bread":1,"minecraft:iron_chestplate":1,"minecraft:shield":1,"minecraft:stick":56,"minecraft:iron_ingot":9,"minecraft:iron_pickaxe":2,"minecraft:wooden_axe":1,"minecraft:cherry_door":3,"minecraft:gold_ingot":9,"minecraft:torch":36},"minecraft:mined":{"minecraft:dark_oak_planks":4,"minecraft:blue_carpet":2,"minecraft:tuff":5,"minecraft:mossy_cobblestone":15,"minecraft:sculk_vein":76,"minecraft:cobblestone_stairs":8,"minecraft:cherry_log":34,"minecraft:dark_oak_log":8,"minecraft:sea_lantern":2,"minecraft:glow_lichen":1,"minecraft:granite":2,"minecraft:dark_oak_fence":2,"minecraft:grass_block":114,"minecraft:oak_pressure_plate":1,"minecraft:deepslate_tile_stairs":2,"minecraft:cartography_table":1,"minecraft:oxeye_daisy":2,"minecraft:tall_seagrass":2,"minecraft:smooth_stone":7,"minecraft:oak_trapdoor":1,"minecraft:sculk_catalyst":1,"minecraft:carrots":13,"minecraft:andesite":7,"minecraft:azure_bluet":8,"minecraft:polished_deepslate":1,"minecraft:sculk_shrieker":1,"minecraft:potatoes":4,"minecraft:dirt_path":32,"minecraft:oak_stairs":3,"minecraft:stone":104,"minecraft:deepslate_redstone_ore":4,"minecraft:oak_slab":2,"minecraft:glass_pane":1,"minecraft:cherry_planks":1,"minecraft:dandelion":23,"minecraft:oak_fence":2,"minecraft:crafting_table":5,"minecraft:cornflower":13,"minecraft:torch":8,"minecraft:blast_furnace":2,"minecraft:poppy":7,"minecraft:chest":3,"endofherobrine:mossy_stone_bricks":1,"minecraft:sculk_sensor":7,"minecraft:tall_grass":12,"minecraft:cobblestone":192,"minecraft:iron_door":1,"minecraft:diorite":2,"minecraft:deepslate_gold_ore":11,"minecraft:oak_planks":3,"minecraft:cracked_deepslate_bricks":2,"minecraft:wall_torch":14,"minecraft:bricks":2,"minecraft:sculk":538,"minecraft:pink_petals":8,"minecraft:white_terracotta":3,"minecraft:gray_wool":3,"minecraft:wheat":4,"minecraft:gray_bed":16,"minecraft:yellow_bed":15,"minecraft:grass":57,"minecraft:cracked_deepslate_tiles":1,"minecraft:coal_ore":23,"minecraft:oak_log":2,"minecraft:beetroots":1,"minecraft:cherry_leaves":4,"minecraft:gravel":5,"minecraft:dirt":221,"minecraft:sand":12,"minecraft:gray_carpet":6,"minecraft:cracked_stone_bricks":1,"minecraft:deepslate":82},"minecraft:picked_up":{"minecraft:crafting_table":6,"minecraft:wheat":4,"minecraft:azure_bluet":9,"minecraft:wooden_pickaxe":2,"minecraft:oak_stairs":6,"minecraft:shield":1,"minecraft:polished_deepslate":1,"minecraft:cornflower":19,"minecraft:string":13,"minecraft:oak_trapdoor":1,"minecraft:raw_copper":12,"minecraft:wooden_sword":1,"minecraft:iron_leggings":2,"minecraft:beetroot":1,"minecraft:diamond_leggings":1,"minecraft:cartography_table":1,"minecraft:smooth_stone":7,"minecraft:cobbled_deepslate":97,"minecraft:beef":2,"minecraft:poppy":8,"minecraft:iron_pickaxe":4,"minecraft:chest":2,"minecraft:furnace":1,"minecraft:egg":11,"minecraft:stick":4,"minecraft:raw_iron":9,"minecraft:stone":10,"minecraft:oak_door":3,"minecraft:oak_fence":3,"minecraft:torch":34,"minecraft:porkchop":9,"minecraft:cherry_log":25,"minecraft:diorite":1,"minecraft:carrot":59,"minecraft:redstone":24,"minecraft:deepslate_tile_stairs":3,"minecraft:prismarine_crystals":5,"minecraft:blue_carpet":1,"minecraft:dark_oak_planks":2,"minecraft:stone_sword":1,"minecraft:arrow":4,"minecraft:stone_shovel":1,"minecraft:rotten_flesh":39,"minecraft:beetroot_seeds":2,"minecraft:carved_pumpkin":1,"minecraft:cracked_deepslate_bricks":2,"minecraft:white_terracotta":3,"minecraft:deepslate_brick_stairs":2,"minecraft:glow_berries":9,"minecraft:mutton":12,"minecraft:snowball":17,"minecraft:cobblestone":494,"minecraft:oxeye_daisy":1,"minecraft:cracked_deepslate_tiles":1,"minecraft:pink_petals":36,"minecraft:iron_door":2,"minecraft:cherry_planks":30,"minecraft:andesite":14,"minecraft:salmon":1,"minecraft:leather":4,"minecraft:potato":15,"minecraft:flint":2,"minecraft:tuff":9,"minecraft:oak_log":2,"minecraft:white_banner":3,"minecraft:yellow_bed":15,"minecraft:cobblestone_stairs":11,"simpletomb:grave_key":2,"sanitydim:garland":3,"minecraft:dirt":437,"minecraft:bone":5,"minecraft:gray_carpet":7,"minecraft:wheat_seeds":20,"minecraft:raw_gold":20,"minecraft:bell":1,"minecraft:iron_ingot":23,"minecraft:stone_pickaxe":1,"minecraft:cooked_chicken":1,"minecraft:gray_bed":15,"minecraft:stone_hoe":2,"minecraft:iron_sword":2,"minecraft:oak_planks":8,"minecraft:oak_slab":2,"minecraft:oak_pressure_plate":3,"minecraft:dandelion":78,"minecraft:spyglass":1,"minecraft:poisonous_potato":1,"minecraft:gravel":20,"minecraft:sand":27,"minecraft:ink_sac":1,"minecraft:blast_furnace":3,"minecraft:dark_oak_log":16,"minecraft:mossy_cobblestone":19,"minecraft:stone_axe":1,"minecraft:crossbow":5,"minecraft:granite":1,"minecraft:cherry_sapling":2,"minecraft:gray_wool":35,"minecraft:bread":26,"minecraft:dark_oak_fence":5,"minecraft:bricks":3,"minecraft:coal":33,"minecraft:diamond_pickaxe":1},"minecraft:dropped":{"minecraft:water_bucket":1,"minecraft:bread":1,"minecraft:iron_sword":1,"minecraft:wheat_seeds":10,"simpletomb:grave_key":2,"minecraft:crossbow":2,"minecraft:poisonous_potato":1,"minecraft:cobblestone":64,"minecraft:granite":1,"minecraft:coal":1,"minecraft:stick":5,"minecraft:deepslate_tile_stairs":1,"minecraft:dirt":12,"minecraft:deepslate_brick_stairs":1,"minecraft:gray_wool":17,"minecraft:dark_oak_fence":4,"minecraft:cornflower":1,"minecraft:gray_bed":1,"minecraft:iron_door":1,"minecraft:cherry_planks":13,"minecraft:sand":24,"minecraft:iron_pickaxe":2,"minecraft:string":11,"minecraft:pink_petals":6,"minecraft:dandelion":11,"minecraft:bone":5,"minecraft:gravel":12,"minecraft:furnace":1,"minecraft:stone_axe":1,"minecraft:spyglass":2,"minecraft:wheat":1,"minecraft:beetroot":1,"minecraft:rotten_flesh":1,"minecraft:azure_bluet":3,"minecraft:carrot":12,"minecraft:poppy":1,"minecraft:beetroot_seeds":2,"minecraft:yellow_bed":2,"minecraft:carved_pumpkin":1,"minecraft:wooden_pickaxe":2},"minecraft:custom":{"minecraft:mob_kills":41,"minecraft:interact_with_crafting_table":63,"minecraft:leave_game":3,"minecraft:time_since_death":3488,"minecraft:climb_one_cm":11858,"minecraft:sprint_one_cm":1257684,"minecraft:damage_blocked_by_shield":4469,"minecraft:walk_one_cm":1385497,"minecraft:drop":197,"minecraft:talked_to_villager":3,"minecraft:play_time":579697,"minecraft:sneak_time":52281,"minecraft:deaths":38,"minecraft:walk_under_water_one_cm":17561,"minecraft:jump":4501,"minecraft:interact_with_blast_furnace":3,"minecraft:walk_on_water_one_cm":31775,"minecraft:total_world_time":579697,"minecraft:interact_with_furnace":20,"minecraft:interact_with_cartography_table":1,"minecraft:interact_with_stonecutter":2,"minecraft:sleep_in_bed":55,"minecraft:time_since_rest":3538,"minecraft:damage_taken":13554,"minecraft:damage_dealt":8390,"minecraft:swim_one_cm":25178,"minecraft:player_kills":1,"minecraft:fly_one_cm":447707,"minecraft:open_chest":69,"minecraft:crouch_one_cm":106139,"minecraft:fall_one_cm":91616},"minecraft:used":{"minecraft:stone_sword":21,"minecraft:stone_shovel":104,"minecraft:ladder":3,"minecraft:chest":4,"minecraft:shield":80,"minecraft:white_terracotta":2,"minecraft:iron_sword":571,"minecraft:cooked_chicken":1,"minecraft:rotten_flesh":14,"minecraft:stone_hoe":10,"simpletomb:grave_key":102,"minecraft:oak_door":3,"minecraft:torch":68,"minecraft:spyglass":12,"minecraft:dirt":168,"minecraft:mutton":2,"minecraft:carrot":79,"minecraft:wooden_axe":32,"minecraft:bricks":3,"minecraft:oak_stairs":1,"minecraft:beef":2,"minecraft:gray_bed":15,"minecraft:egg":3,"minecraft:potato":31,"minecraft:cobbled_deepslate":1,"minecraft:cooked_mutton":4,"minecraft:diorite":27,"minecraft:stone_pickaxe":140,"minecraft:oak_planks":3,"minecraft:wooden_pickaxe":392,"minecraft:cherry_planks":4,"minecraft:glow_berries":14,"minecraft:mossy_cobblestone":19,"minecraft:sand":3,"minecraft:oak_slab":1,"minecraft:crafting_table":11,"minecraft:blast_furnace":3,"minecraft:crossbow":7,"minecraft:diamond_pickaxe":18,"minecraft:cherry_door":1,"minecraft:bread":26,"minecraft:iron_pickaxe":354,"minecraft:oak_pressure_plate":1,"minecraft:gravel":2,"minecraft:wooden_sword":58,"minecraft:cobblestone":402,"minecraft:porkchop":1,"minecraft:yellow_bed":14,"minecraft:smooth_stone":9},"minecraft:broken":{"sanitydim:garland":7,"minecraft:wooden_pickaxe":4,"minecraft:stone_pickaxe":1,"minecraft:shield":1,"minecraft:wooden_sword":2,"minecraft:iron_sword":1,"minecraft:iron_pickaxe":1,"minecraft:wooden_axe":1,"minecraft:stone_shovel":1}},"DataVersion":3465}