{"stats":{"minecraft:custom":{"minecraft:interact_with_furnace":7,"minecraft:mob_kills":10,"minecraft:interact_with_crafting_table":14,"minecraft:interact_with_stonecutter":2,"minecraft:time_since_death":26768,"minecraft:sleep_in_bed":11,"minecraft:time_since_rest":5523,"minecraft:sprint_one_cm":200906,"minecraft:damage_taken":2171,"minecraft:walk_one_cm":353472,"minecraft:damage_blocked_by_shield":979,"minecraft:drop":13,"minecraft:damage_dealt":2657,"minecraft:player_kills":1,"minecraft:talked_to_villager":3,"minecraft:fly_one_cm":72020,"minecraft:open_chest":12,"minecraft:play_time":115532,"minecraft:deaths":5,"minecraft:sneak_time":28,"minecraft:jump":676,"minecraft:total_world_time":115532,"minecraft:fall_one_cm":15366},"minecraft:crafted":{"minecraft:cherry_planks":72,"minecraft:wooden_sword":1,"minecraft:oak_planks":8,"minecraft:cherry_wood":6,"minecraft:crafting_table":1,"minecraft:wooden_pickaxe":3,"minecraft:iron_sword":1,"sanitydim:garland":2,"minecraft:cooked_mutton":4,"minecraft:shield":1,"minecraft:stick":12,"minecraft:stone_pickaxe":1,"minecraft:wooden_axe":1,"minecraft:chest":1},"minecraft:used":{"minecraft:cooked_mutton":3,"minecraft:stone_shovel":25,"minecraft:stone_pickaxe":128,"minecraft:chest":3,"minecraft:wooden_pickaxe":119,"minecraft:shield":23,"minecraft:white_terracotta":2,"minecraft:iron_sword":115,"simpletomb:grave_key":4,"minecraft:oak_door":2,"minecraft:torch":4,"minecraft:mossy_cobblestone":6,"minecraft:dirt":66,"minecraft:mutton":2,"minecraft:crafting_table":6,"minecraft:blast_furnace":3,"minecraft:carrot":1,"minecraft:wooden_axe":32,"minecraft:bricks":1,"minecraft:bread":10,"minecraft:wooden_sword":58,"minecraft:cobblestone":272,"minecraft:beef":2,"minecraft:yellow_bed":6,"minecraft:egg":1},"minecraft:broken":{"minecraft:stone_pickaxe":1,"minecraft:wooden_sword":2,"minecraft:wooden_axe":1,"sanitydim:garland":1,"minecraft:wooden_pickaxe":2},"minecraft:killed":{"minecraft:spider":1,"minecraft:iron_golem":1,"minecraft:skeleton":1,"minecraft:zombie":5,"minecraft:cow":1},"minecraft:mined":{"minecraft:glass_pane":1,"minecraft:mossy_cobblestone":13,"minecraft:cobblestone_stairs":7,"minecraft:cherry_log":26,"minecraft:dandelion":8,"minecraft:crafting_table":4,"minecraft:oak_fence":2,"minecraft:cornflower":8,"minecraft:torch":1,"minecraft:blast_furnace":2,"minecraft:grass_block":64,"minecraft:poppy":3,"minecraft:chest":3,"minecraft:cobblestone":151,"minecraft:oak_pressure_plate":1,"minecraft:oak_planks":1,"minecraft:cartography_table":1,"minecraft:bricks":2,"minecraft:oxeye_daisy":2,"minecraft:wall_torch":5,"minecraft:pink_petals":1,"minecraft:white_terracotta":3,"minecraft:smooth_stone":5,"minecraft:oak_trapdoor":1,"minecraft:yellow_bed":6,"minecraft:azure_bluet":5,"minecraft:grass":12,"minecraft:oak_log":2,"minecraft:dirt_path":32,"minecraft:oak_stairs":3,"minecraft:cherry_leaves":3,"minecraft:dirt":47,"minecraft:stone":13},"minecraft:killed_by":{"man:managgresive":1,"minecraft:player":2,"minecraft:skeleton":1},"minecraft:picked_up":{"minecraft:pink_petals":4,"minecraft:crafting_table":5,"minecraft:azure_bluet":6,"minecraft:wooden_pickaxe":1,"minecraft:oak_stairs":5,"minecraft:oak_log":2,"minecraft:yellow_bed":6,"minecraft:cobblestone_stairs":10,"minecraft:oak_trapdoor":1,"minecraft:cornflower":14,"minecraft:dirt":193,"minecraft:string":11,"minecraft:wooden_sword":1,"minecraft:wheat_seeds":6,"minecraft:cartography_table":1,"minecraft:smooth_stone":5,"minecraft:bell":1,"minecraft:iron_ingot":3,"minecraft:beef":2,"minecraft:poppy":4,"minecraft:chest":2,"minecraft:oak_planks":6,"minecraft:furnace":1,"minecraft:egg":8,"minecraft:oak_door":3,"minecraft:oak_fence":3,"minecraft:torch":5,"minecraft:dandelion":36,"minecraft:oak_pressure_plate":3,"minecraft:gravel":2,"minecraft:cherry_log":20,"minecraft:blast_furnace":3,"minecraft:carrot":1,"minecraft:mossy_cobblestone":17,"minecraft:stone_shovel":1,"minecraft:rotten_flesh":36,"minecraft:cherry_sapling":2,"minecraft:bread":10,"minecraft:white_terracotta":3,"minecraft:coal":10,"minecraft:mutton":12,"minecraft:bricks":3,"minecraft:cobblestone":262,"minecraft:oxeye_daisy":1},"minecraft:dropped":{"minecraft:furnace":1,"minecraft:dirt":1,"minecraft:string":11}},"DataVersion":3465}