{"stats":{"minecraft:dropped":{"minecraft:iron_sword":1,"minecraft:crossbow":2,"minecraft:deepslate_tile_stairs":1,"minecraft:dirt":76,"minecraft:dark_oak_fence":4,"minecraft:cornflower":1,"minecraft:snowball":1,"minecraft:sand":24,"minecraft:iron_pickaxe":2,"minecraft:dark_oak_planks":12,"minecraft:bone":5,"minecraft:gravel":12,"minecraft:stone_axe":1,"minecraft:spyglass":2,"minecraft:wheat":1,"minecraft:beetroot":1,"minecraft:rotten_flesh":1,"minecraft:azure_bluet":3,"minecraft:carrot":12,"minecraft:poppy":1,"minecraft:beetroot_seeds":2,"minecraft:egg":2,"minecraft:water_bucket":1,"minecraft:bread":1,"minecraft:wheat_seeds":10,"simpletomb:grave_key":2,"minecraft:poisonous_potato":1,"minecraft:cobblestone":141,"minecraft:granite":1,"minecraft:coal":1,"minecraft:stick":5,"minecraft:gray_wool":17,"minecraft:deepslate_brick_stairs":1,"minecraft:ink_sac":1,"minecraft:gray_bed":1,"minecraft:cherry_planks":13,"minecraft:iron_door":1,"minecraft:white_banner":1,"minecraft:string":11,"minecraft:pink_petals":6,"minecraft:dandelion":11,"minecraft:furnace":1,"minecraft:yellow_bed":2,"minecraft:carved_pumpkin":1,"minecraft:wooden_pickaxe":2},"minecraft:killed_by":{"endofherobrine:cow":1,"minecraft:pillager":7,"sanitydim:rotting_stalker":2,"man:managgresive":7,"minecraft:zombie":2,"minecraft:player":5,"minecraft:spider":1,"minecraft:warden":17,"minecraft:skeleton":1,"cave_dweller:cave_dweller":1},"minecraft:crafted":{"minecraft:oak_planks":8,"minecraft:cherry_wood":6,"minecraft:dark_oak_pressure_plate":1,"minecraft:stone":10,"minecraft:cooked_mutton":4,"minecraft:iron_boots":1,"minecraft:chest":3,"minecraft:gray_bed":1,"minecraft:cooked_porkchop":8,"minecraft:crafting_table":6,"minecraft:wooden_pickaxe":7,"minecraft:iron_helmet":1,"minecraft:copper_ingot":16,"minecraft:campfire":2,"minecraft:iron_chestplate":1,"minecraft:shield":1,"minecraft:stick":56,"minecraft:iron_ingot":9,"minecraft:iron_pickaxe":2,"minecraft:gold_ingot":10,"minecraft:cherry_planks":92,"minecraft:wooden_sword":1,"minecraft:spyglass":2,"minecraft:furnace":1,"sanitydim:garland":7,"minecraft:ladder":3,"minecraft:stone_pickaxe":1,"minecraft:dark_oak_planks":44,"minecraft:golden_helmet":1,"minecraft:iron_sword":4,"minecraft:stone_axe":1,"minecraft:bread":12,"minecraft:wooden_axe":1,"minecraft:cherry_door":3,"minecraft:torch":36},"minecraft:killed":{"minecraft:spider":2,"minecraft:skeleton":1,"minecraft:pig":4,"minecraft:salmon":2,"minecraft:iron_golem":1,"minecraft:creeper":1,"minecraft:sheep":1,"minecraft:pillager":33,"minecraft:zombie":6,"minecraft:cow":1,"minecraft:squid":1},"minecraft:used":{"minecraft:ladder":3,"minecraft:chest":5,"minecraft:shield":104,"minecraft:white_terracotta":2,"minecraft:iron_sword":676,"minecraft:rotten_flesh":16,"minecraft:mutton":2,"minecraft:carrot":79,"minecraft:bricks":3,"minecraft:hay_block":1,"minecraft:furnace":1,"minecraft:gray_bed":20,"minecraft:egg":3,"minecraft:potato":31,"minecraft:diorite":27,"minecraft:stone_pickaxe":149,"minecraft:oak_planks":3,"minecraft:wooden_pickaxe":392,"minecraft:glow_berries":14,"minecraft:sand":3,"minecraft:blast_furnace":3,"minecraft:crossbow":7,"minecraft:bread":28,"minecraft:oak_pressure_plate":2,"minecraft:iron_door":1,"minecraft:gravel":2,"minecraft:wooden_sword":58,"minecraft:stone_sword":111,"minecraft:stone_shovel":104,"minecraft:stone_hoe":11,"minecraft:cooked_chicken":1,"simpletomb:grave_key":121,"minecraft:oak_door":5,"minecraft:torch":71,"minecraft:dirt":170,"minecraft:spyglass":12,"minecraft:cobblestone_wall":2,"minecraft:wooden_axe":32,"minecraft:oak_stairs":1,"minecraft:beef":2,"minecraft:dark_oak_pressure_plate":1,"minecraft:cobbled_deepslate":1,"minecraft:wheat_seeds":5,"minecraft:cooked_mutton":4,"minecraft:cherry_planks":4,"minecraft:mossy_cobblestone":19,"minecraft:oak_slab":1,"minecraft:crafting_table":13,"minecraft:campfire":2,"minecraft:diamond_pickaxe":30,"minecraft:cherry_door":1,"minecraft:iron_pickaxe":530,"minecraft:cobblestone":460,"minecraft:porkchop":1,"minecraft:white_banner":7,"minecraft:cooked_porkchop":8,"minecraft:yellow_bed":14,"minecraft:smooth_stone":9},"minecraft:picked_up":{"minecraft:wheat":20,"minecraft:oak_stairs":7,"minecraft:polished_deepslate":1,"minecraft:string":13,"minecraft:raw_copper":12,"minecraft:iron_leggings":2,"minecraft:oak_sign":1,"minecraft:beetroot":2,"minecraft:diamond_leggings":1,"minecraft:cobbled_deepslate":97,"minecraft:smooth_stone":7,"minecraft:cobblestone_slab":1,"minecraft:iron_pickaxe":4,"minecraft:furnace":1,"minecraft:stick":4,"minecraft:oak_fence":3,"minecraft:torch":35,"minecraft:porkchop":9,"minecraft:cherry_log":28,"minecraft:diorite":2,"minecraft:deepslate_tile_stairs":3,"minecraft:stone_sword":1,"minecraft:rotten_flesh":41,"minecraft:carved_pumpkin":1,"minecraft:white_terracotta":3,"minecraft:deepslate_brick_stairs":2,"minecraft:snowball":18,"minecraft:cobblestone":610,"minecraft:pink_petals":36,"minecraft:iron_door":3,"minecraft:cherry_planks":30,"minecraft:andesite":14,"minecraft:potato":15,"minecraft:flint":2,"minecraft:tuff":9,"minecraft:cherry_door":1,"minecraft:dirt":514,"minecraft:bone":5,"minecraft:wheat_seeds":76,"minecraft:raw_gold":20,"minecraft:bell":1,"minecraft:stone_hoe":2,"minecraft:oak_planks":8,"minecraft:oak_pressure_plate":4,"minecraft:poisonous_potato":1,"minecraft:sand":27,"minecraft:ink_sac":2,"minecraft:dark_oak_log":22,"minecraft:mossy_cobblestone":19,"minecraft:crossbow":6,"minecraft:granite":1,"minecraft:bread":26,"minecraft:dark_oak_fence":5,"minecraft:bricks":3,"minecraft:diamond_pickaxe":1,"minecraft:charcoal":2,"minecraft:crafting_table":9,"minecraft:azure_bluet":10,"minecraft:wooden_pickaxe":2,"minecraft:shield":1,"minecraft:cornflower":19,"minecraft:oak_trapdoor":1,"minecraft:wooden_sword":1,"minecraft:cartography_table":1,"minecraft:beef":2,"minecraft:poppy":9,"minecraft:chest":2,"minecraft:egg":13,"minecraft:raw_iron":9,"minecraft:stone":10,"minecraft:oak_door":5,"minecraft:carrot":59,"minecraft:redstone":24,"minecraft:prismarine_crystals":5,"minecraft:blue_carpet":1,"minecraft:dark_oak_planks":2,"minecraft:arrow":4,"minecraft:stone_shovel":1,"minecraft:beetroot_seeds":4,"minecraft:hay_block":1,"minecraft:cracked_deepslate_bricks":2,"minecraft:glow_berries":9,"minecraft:mutton":12,"minecraft:oxeye_daisy":1,"minecraft:cracked_deepslate_tiles":1,"minecraft:salmon":1,"minecraft:leather":4,"minecraft:oak_log":2,"minecraft:nether_wart_block":2,"minecraft:yellow_bed":15,"minecraft:cobblestone_wall":2,"minecraft:cobblestone_stairs":11,"simpletomb:grave_key":2,"sanitydim:garland":3,"minecraft:white_banner":8,"minecraft:gray_carpet":9,"minecraft:iron_ingot":23,"minecraft:stone_pickaxe":1,"minecraft:cooked_chicken":1,"minecraft:gray_bed":20,"minecraft:iron_sword":2,"minecraft:oak_slab":4,"minecraft:dandelion":78,"minecraft:spyglass":1,"minecraft:gravel":20,"minecraft:blast_furnace":3,"minecraft:stone_axe":1,"minecraft:cherry_sapling":2,"minecraft:gray_wool":35,"minecraft:coal":35},"minecraft:mined":{"minecraft:dark_oak_planks":4,"minecraft:blue_carpet":2,"minecraft:cherry_log":37,"minecraft:cobblestone_stairs":10,"minecraft:sculk_vein":76,"minecraft:granite":2,"minecraft:grass_block":117,"minecraft:oak_pressure_plate":2,"minecraft:deepslate_tile_stairs":2,"minecraft:oxeye_daisy":2,"minecraft:smooth_stone":7,"minecraft:tall_seagrass":2,"minecraft:sculk_catalyst":1,"minecraft:azure_bluet":9,"minecraft:sculk_shrieker":1,"minecraft:dirt_path":32,"minecraft:oak_stairs":3,"minecraft:deepslate_redstone_ore":4,"minecraft:torch":8,"minecraft:blast_furnace":2,"minecraft:poppy":8,"minecraft:chest":3,"minecraft:cobblestone":294,"minecraft:oak_planks":3,"minecraft:bricks":2,"minecraft:iron_door":2,"minecraft:wall_torch":15,"minecraft:pink_petals":8,"minecraft:white_terracotta":3,"minecraft:nether_wart_block":2,"minecraft:wheat":23,"minecraft:grass":80,"minecraft:cracked_deepslate_tiles":1,"minecraft:oak_log":2,"minecraft:beetroots":2,"minecraft:sand":12,"minecraft:dirt":238,"minecraft:deepslate":82,"minecraft:tuff":5,"minecraft:mossy_cobblestone":18,"minecraft:oak_door":1,"minecraft:dark_oak_log":8,"minecraft:sea_lantern":2,"minecraft:glow_lichen":1,"minecraft:dark_oak_fence":2,"minecraft:cartography_table":1,"minecraft:oak_trapdoor":1,"minecraft:carrots":13,"minecraft:andesite":7,"minecraft:polished_deepslate":1,"minecraft:potatoes":4,"minecraft:cobblestone_slab":1,"minecraft:stone":126,"minecraft:oak_slab":2,"minecraft:glass_pane":1,"minecraft:cherry_planks":1,"minecraft:dandelion":23,"minecraft:oak_fence":2,"minecraft:crafting_table":9,"minecraft:cornflower":13,"minecraft:sculk_sensor":7,"minecraft:campfire":1,"minecraft:tall_grass":21,"minecraft:deepslate_gold_ore":11,"endofherobrine:mossy_stone_bricks":1,"minecraft:cracked_deepslate_bricks":2,"minecraft:sculk":538,"minecraft:diorite":2,"minecraft:gray_wool":3,"minecraft:cobblestone_wall":2,"minecraft:gray_bed":21,"minecraft:white_wall_banner":3,"minecraft:yellow_bed":15,"minecraft:coal_ore":25,"minecraft:cherry_leaves":4,"minecraft:gravel":5,"minecraft:gray_carpet":7,"minecraft:cracked_stone_bricks":1},"minecraft:custom":{"minecraft:interact_with_crafting_table":80,"minecraft:bell_ring":3,"minecraft:leave_game":7,"minecraft:time_since_death":17242,"minecraft:sprint_one_cm":1476627,"minecraft:damage_blocked_by_shield":5309,"minecraft:drop":355,"minecraft:talked_to_villager":3,"minecraft:play_time":688994,"minecraft:deaths":49,"minecraft:jump":5392,"minecraft:walk_on_water_one_cm":32326,"minecraft:interact_with_furnace":35,"minecraft:interact_with_cartography_table":1,"minecraft:sleep_in_bed":67,"minecraft:damage_dealt":12356,"minecraft:player_kills":2,"minecraft:crouch_one_cm":106490,"minecraft:mob_kills":55,"minecraft:climb_one_cm":42597,"minecraft:walk_one_cm":1677534,"minecraft:sneak_time":52844,"minecraft:walk_under_water_one_cm":17561,"minecraft:interact_with_blast_furnace":4,"minecraft:total_world_time":688994,"minecraft:interact_with_stonecutter":2,"minecraft:time_since_rest":17291,"minecraft:damage_taken":17077,"minecraft:swim_one_cm":25178,"minecraft:fly_one_cm":510994,"minecraft:open_chest":112,"minecraft:fall_one_cm":109698},"minecraft:broken":{"minecraft:golden_helmet":1,"minecraft:iron_boots":1,"minecraft:iron_chestplate":1,"minecraft:iron_leggings":1,"sanitydim:garland":8,"minecraft:stone_pickaxe":1,"minecraft:wooden_sword":2,"minecraft:iron_sword":3,"minecraft:wooden_axe":1,"minecraft:stone_shovel":1,"minecraft:stone_sword":1,"minecraft:wooden_pickaxe":4,"minecraft:shield":1,"minecraft:iron_pickaxe":1}},"DataVersion":3465}