{"stats":{"minecraft:dropped":{"minecraft:iron_sword":2,"minecraft:crossbow":2,"minecraft:deepslate_tile_stairs":1,"minecraft:dirt":149,"minecraft:dark_oak_fence":4,"minecraft:cornflower":1,"minecraft:snowball":9,"minecraft:sand":24,"minecraft:iron_pickaxe":4,"minecraft:dark_oak_planks":24,"minecraft:white_wool":2,"minecraft:bone":5,"minecraft:gravel":12,"minecraft:stone_axe":1,"minecraft:spyglass":2,"minecraft:cooked_chicken":2,"minecraft:wheat":1,"minecraft:beetroot":1,"minecraft:rotten_flesh":2,"minecraft:azure_bluet":3,"minecraft:carrot":12,"minecraft:poppy":1,"minecraft:beetroot_seeds":2,"minecraft:egg":2,"minecraft:water_bucket":1,"minecraft:bread":10,"minecraft:wheat_seeds":10,"simpletomb:grave_key":3,"minecraft:poisonous_potato":1,"minecraft:cobblestone":144,"minecraft:granite":1,"minecraft:coal":8,"minecraft:stick":5,"minecraft:gray_wool":17,"minecraft:deepslate_brick_stairs":1,"minecraft:ink_sac":1,"minecraft:gray_bed":1,"minecraft:cherry_planks":55,"minecraft:iron_door":1,"minecraft:white_banner":1,"minecraft:string":11,"minecraft:pink_petals":22,"minecraft:dandelion":11,"minecraft:furnace":1,"sanitydim:garland":1,"minecraft:yellow_bed":2,"minecraft:carved_pumpkin":1,"minecraft:wooden_pickaxe":2},"minecraft:killed_by":{"endofherobrine:cow":1,"minecraft:pillager":7,"endofherobrine:sheep":1,"sanitydim:rotting_stalker":3,"man:managgresive":8,"minecraft:zombie":2,"minecraft:player":5,"minecraft:spider":1,"minecraft:warden":33,"minecraft:skeleton":1,"endofherobrine:pigman":1,"cave_dweller:cave_dweller":2},"minecraft:crafted":{"minecraft:oak_planks":8,"minecraft:cherry_wood":6,"minecraft:dark_oak_pressure_plate":1,"minecraft:cooked_chicken":1,"minecraft:stone":10,"minecraft:cooked_mutton":11,"minecraft:iron_boots":1,"minecraft:chest":3,"minecraft:gray_bed":1,"minecraft:golden_boots":1,"minecraft:cooked_porkchop":8,"minecraft:crafting_table":6,"minecraft:wooden_pickaxe":7,"minecraft:iron_helmet":1,"minecraft:copper_ingot":16,"minecraft:campfire":2,"minecraft:iron_chestplate":1,"minecraft:shield":2,"minecraft:stick":100,"minecraft:iron_ingot":9,"minecraft:iron_pickaxe":3,"minecraft:gold_ingot":10,"minecraft:cherry_planks":120,"minecraft:wooden_sword":1,"minecraft:golden_chestplate":1,"minecraft:spyglass":2,"minecraft:furnace":1,"sanitydim:garland":10,"minecraft:ladder":3,"minecraft:stone_pickaxe":1,"minecraft:dark_oak_planks":44,"minecraft:golden_helmet":1,"minecraft:cooked_beef":3,"minecraft:iron_sword":4,"minecraft:stone_axe":1,"minecraft:bread":16,"minecraft:wooden_axe":1,"minecraft:cherry_door":3,"minecraft:torch":106},"minecraft:killed":{"minecraft:spider":2,"minecraft:skeleton":2,"minecraft:chicken":1,"minecraft:pig":4,"minecraft:salmon":2,"minecraft:iron_golem":1,"minecraft:creeper":1,"minecraft:sheep":4,"minecraft:pillager":33,"minecraft:zombie":9,"minecraft:cow":1,"minecraft:squid":1,"endofherobrine:sheep":2},"minecraft:used":{"minecraft:ladder":3,"minecraft:chest":5,"minecraft:shield":130,"minecraft:white_terracotta":2,"minecraft:iron_sword":761,"minecraft:rotten_flesh":16,"minecraft:mutton":2,"minecraft:carrot":79,"minecraft:snowball":9,"minecraft:bricks":3,"minecraft:hay_block":1,"minecraft:furnace":1,"minecraft:gray_bed":20,"minecraft:egg":3,"minecraft:potato":31,"minecraft:diorite":27,"minecraft:stone_pickaxe":149,"minecraft:oak_planks":3,"minecraft:wooden_pickaxe":392,"minecraft:glow_berries":14,"minecraft:sand":3,"minecraft:blast_furnace":3,"minecraft:crossbow":7,"minecraft:bread":32,"minecraft:oak_pressure_plate":2,"minecraft:iron_door":1,"minecraft:gravel":2,"minecraft:wooden_sword":58,"minecraft:stone_sword":111,"minecraft:stone_shovel":104,"minecraft:stone_hoe":11,"minecraft:cooked_chicken":1,"simpletomb:grave_key":169,"minecraft:oak_door":5,"minecraft:torch":127,"minecraft:dirt":188,"minecraft:spyglass":13,"minecraft:cobblestone_wall":2,"minecraft:wooden_axe":32,"minecraft:oak_stairs":1,"minecraft:beef":2,"minecraft:dark_oak_pressure_plate":1,"minecraft:cooked_beef":1,"minecraft:cobbled_deepslate":1,"minecraft:wheat_seeds":5,"minecraft:cooked_mutton":4,"minecraft:cherry_planks":4,"minecraft:mossy_cobblestone":19,"minecraft:oak_slab":1,"minecraft:crafting_table":15,"minecraft:campfire":2,"minecraft:diamond_pickaxe":51,"minecraft:cherry_door":1,"minecraft:iron_pickaxe":569,"minecraft:cobblestone":460,"minecraft:potion":1,"minecraft:porkchop":1,"minecraft:white_banner":7,"minecraft:cooked_porkchop":8,"minecraft:yellow_bed":14,"minecraft:smooth_stone":9},"minecraft:picked_up":{"minecraft:wheat":30,"minecraft:oak_stairs":7,"minecraft:potion":1,"minecraft:polished_deepslate":1,"minecraft:string":13,"minecraft:raw_copper":12,"minecraft:iron_leggings":2,"minecraft:oak_sign":1,"minecraft:beetroot":3,"minecraft:deepslate_tiles":1,"minecraft:diamond_leggings":1,"minecraft:cobbled_deepslate":97,"minecraft:smooth_stone":7,"minecraft:cobblestone_slab":1,"minecraft:iron_pickaxe":4,"minecraft:furnace":1,"minecraft:stick":4,"minecraft:oak_fence":3,"minecraft:torch":35,"minecraft:porkchop":9,"minecraft:cherry_log":28,"minecraft:pointed_dripstone":1,"minecraft:diorite":2,"minecraft:deepslate_tile_stairs":3,"minecraft:stone_sword":1,"minecraft:rotten_flesh":44,"minecraft:carved_pumpkin":1,"minecraft:white_terracotta":3,"minecraft:deepslate_brick_stairs":2,"minecraft:snowball":18,"minecraft:cobblestone":613,"minecraft:pink_petals":55,"minecraft:iron_door":3,"minecraft:cherry_planks":30,"minecraft:andesite":14,"minecraft:potato":15,"minecraft:flint":2,"minecraft:tuff":9,"minecraft:cherry_door":1,"minecraft:dirt":531,"minecraft:bone":6,"minecraft:wheat_seeds":104,"minecraft:raw_gold":25,"minecraft:bell":1,"minecraft:stone_hoe":2,"minecraft:oak_planks":8,"minecraft:oak_pressure_plate":4,"minecraft:poisonous_potato":1,"minecraft:sand":27,"minecraft:ink_sac":2,"minecraft:dark_oak_log":22,"minecraft:mossy_cobblestone":19,"minecraft:diamond":2,"minecraft:crossbow":6,"minecraft:granite":1,"minecraft:bread":28,"minecraft:dark_oak_fence":5,"minecraft:bricks":3,"minecraft:diamond_pickaxe":1,"minecraft:charcoal":2,"minecraft:crafting_table":9,"minecraft:azure_bluet":10,"minecraft:chicken":1,"minecraft:wooden_pickaxe":2,"minecraft:shield":1,"minecraft:cornflower":20,"minecraft:oak_trapdoor":1,"minecraft:wooden_sword":1,"minecraft:cartography_table":1,"minecraft:beef":2,"minecraft:poppy":10,"minecraft:chest":2,"minecraft:egg":16,"minecraft:raw_iron":15,"minecraft:stone":10,"minecraft:oak_door":5,"minecraft:carrot":59,"minecraft:redstone":24,"minecraft:prismarine_crystals":5,"minecraft:blue_carpet":1,"minecraft:dark_oak_planks":2,"minecraft:arrow":6,"minecraft:stone_shovel":1,"minecraft:beetroot_seeds":6,"minecraft:hay_block":1,"minecraft:cracked_deepslate_bricks":2,"minecraft:glow_berries":9,"minecraft:mutton":18,"minecraft:white_wool":4,"minecraft:oxeye_daisy":5,"minecraft:cracked_deepslate_tiles":1,"minecraft:salmon":1,"minecraft:leather":4,"minecraft:oak_log":2,"minecraft:nether_wart_block":2,"minecraft:yellow_bed":15,"minecraft:cobblestone_wall":2,"minecraft:cobblestone_stairs":11,"simpletomb:grave_key":3,"sanitydim:garland":3,"minecraft:white_banner":8,"minecraft:gray_carpet":9,"minecraft:iron_ingot":23,"minecraft:stone_pickaxe":1,"minecraft:cooked_chicken":2,"minecraft:gray_bed":20,"minecraft:iron_sword":3,"minecraft:oak_slab":4,"minecraft:dandelion":85,"minecraft:spyglass":1,"minecraft:gravel":20,"minecraft:blast_furnace":3,"minecraft:stone_axe":1,"minecraft:cherry_sapling":2,"minecraft:gray_wool":39,"minecraft:coal":46},"minecraft:mined":{"minecraft:dark_oak_planks":4,"minecraft:blue_carpet":2,"minecraft:cherry_log":37,"minecraft:cobblestone_stairs":10,"minecraft:sculk_vein":80,"minecraft:granite":2,"minecraft:grass_block":130,"minecraft:oak_pressure_plate":2,"minecraft:deepslate_tile_stairs":2,"minecraft:oxeye_daisy":6,"minecraft:smooth_stone":7,"minecraft:tall_seagrass":2,"minecraft:sculk_catalyst":2,"minecraft:iron_ore":1,"minecraft:fire":1,"minecraft:azure_bluet":9,"minecraft:sculk_shrieker":1,"minecraft:pointed_dripstone":3,"minecraft:dirt_path":32,"minecraft:oak_stairs":3,"minecraft:deepslate_redstone_ore":4,"minecraft:torch":8,"minecraft:blast_furnace":2,"minecraft:poppy":9,"minecraft:chest":3,"minecraft:cobblestone":294,"minecraft:oak_planks":3,"minecraft:bricks":2,"minecraft:iron_door":2,"minecraft:wall_torch":15,"minecraft:pink_petals":8,"minecraft:white_terracotta":3,"minecraft:nether_wart_block":2,"minecraft:wheat":40,"minecraft:grass":80,"minecraft:cracked_deepslate_tiles":1,"minecraft:oak_log":2,"minecraft:beetroots":3,"minecraft:sand":12,"minecraft:dirt":246,"minecraft:deepslate":83,"minecraft:deepslate_tiles":1,"minecraft:tuff":5,"minecraft:mossy_cobblestone":18,"minecraft:deepslate_diamond_ore":2,"minecraft:oak_door":1,"minecraft:dark_oak_log":8,"minecraft:sea_lantern":2,"minecraft:glow_lichen":1,"minecraft:dark_oak_fence":2,"minecraft:cartography_table":1,"minecraft:oak_trapdoor":1,"minecraft:carrots":13,"minecraft:andesite":7,"minecraft:polished_deepslate":1,"minecraft:potatoes":4,"minecraft:deepslate_iron_ore":5,"minecraft:cobblestone_slab":1,"minecraft:stone":129,"minecraft:oak_slab":2,"minecraft:glass_pane":1,"minecraft:cherry_planks":1,"minecraft:dandelion":29,"minecraft:oak_fence":2,"minecraft:crafting_table":9,"minecraft:cornflower":14,"minecraft:sculk_sensor":7,"minecraft:campfire":1,"endofherobrine:glowing_obsidian":1,"minecraft:tall_grass":21,"minecraft:deepslate_gold_ore":16,"endofherobrine:mossy_stone_bricks":1,"minecraft:cracked_deepslate_bricks":2,"minecraft:sculk":549,"minecraft:diorite":2,"minecraft:gray_wool":7,"minecraft:cobblestone_wall":2,"minecraft:gray_bed":21,"minecraft:white_wall_banner":3,"minecraft:yellow_bed":15,"minecraft:coal_ore":37,"minecraft:cherry_leaves":4,"minecraft:gravel":5,"minecraft:gray_carpet":7,"minecraft:cracked_stone_bricks":1},"minecraft:custom":{"minecraft:interact_with_crafting_table":95,"minecraft:open_barrel":19,"minecraft:bell_ring":3,"minecraft:leave_game":7,"minecraft:time_since_death":236,"minecraft:sprint_one_cm":1736968,"minecraft:damage_blocked_by_shield":5819,"minecraft:drop":484,"minecraft:talked_to_villager":3,"minecraft:play_time":796994,"minecraft:deaths":70,"minecraft:jump":6246,"minecraft:walk_on_water_one_cm":55438,"minecraft:interact_with_furnace":48,"minecraft:interact_with_cartography_table":1,"minecraft:sleep_in_bed":72,"minecraft:damage_dealt":14059,"minecraft:player_kills":2,"minecraft:crouch_one_cm":146518,"minecraft:mob_kills":65,"minecraft:climb_one_cm":45935,"minecraft:walk_one_cm":1934819,"minecraft:sneak_time":71048,"minecraft:walk_under_water_one_cm":23992,"minecraft:interact_with_blast_furnace":4,"minecraft:total_world_time":796994,"minecraft:interact_with_stonecutter":2,"minecraft:time_since_rest":0,"minecraft:damage_taken":23576,"minecraft:swim_one_cm":27311,"minecraft:fly_one_cm":587159,"minecraft:open_chest":123,"minecraft:fall_one_cm":129343},"minecraft:broken":{"minecraft:golden_helmet":1,"minecraft:golden_boots":1,"minecraft:iron_boots":1,"minecraft:iron_chestplate":1,"minecraft:iron_leggings":1,"sanitydim:garland":11,"minecraft:stone_pickaxe":1,"minecraft:wooden_sword":2,"minecraft:iron_sword":3,"minecraft:wooden_axe":1,"minecraft:stone_shovel":1,"minecraft:stone_sword":1,"minecraft:wooden_pickaxe":4,"minecraft:shield":2,"minecraft:iron_pickaxe":1,"minecraft:iron_helmet":1}},"DataVersion":3465}