{"stats":{"minecraft:picked_up":{"minecraft:crafting_table":6,"minecraft:wheat":4,"minecraft:azure_bluet":9,"minecraft:wooden_pickaxe":2,"minecraft:oak_stairs":6,"minecraft:polished_deepslate":1,"minecraft:cornflower":15,"minecraft:oak_trapdoor":1,"minecraft:string":13,"minecraft:wooden_sword":1,"minecraft:iron_leggings":1,"minecraft:beetroot":1,"minecraft:cobbled_deepslate":72,"minecraft:diamond_leggings":1,"minecraft:cartography_table":1,"minecraft:smooth_stone":7,"minecraft:beef":2,"minecraft:poppy":6,"minecraft:iron_pickaxe":2,"minecraft:chest":2,"minecraft:furnace":1,"minecraft:egg":10,"minecraft:stick":4,"minecraft:raw_iron":9,"minecraft:stone":10,"minecraft:oak_door":3,"minecraft:oak_fence":3,"minecraft:torch":18,"minecraft:cherry_log":25,"minecraft:diorite":1,"minecraft:carrot":39,"minecraft:redstone":24,"minecraft:deepslate_tile_stairs":2,"minecraft:blue_carpet":1,"minecraft:stone_sword":1,"minecraft:arrow":4,"minecraft:rotten_flesh":37,"minecraft:stone_shovel":1,"minecraft:beetroot_seeds":2,"minecraft:carved_pumpkin":1,"minecraft:cracked_deepslate_bricks":1,"minecraft:white_terracotta":3,"minecraft:deepslate_brick_stairs":2,"minecraft:mutton":12,"minecraft:snowball":17,"minecraft:cobblestone":482,"minecraft:oxeye_daisy":1,"minecraft:pink_petals":30,"minecraft:cherry_planks":30,"minecraft:andesite":14,"minecraft:salmon":1,"minecraft:leather":4,"minecraft:potato":4,"minecraft:flint":2,"minecraft:tuff":9,"minecraft:oak_log":2,"minecraft:yellow_bed":15,"minecraft:cobblestone_stairs":10,"sanitydim:garland":3,"minecraft:dirt":339,"minecraft:bone":3,"minecraft:wheat_seeds":13,"minecraft:raw_gold":19,"minecraft:bell":1,"minecraft:stone_pickaxe":1,"minecraft:iron_ingot":10,"minecraft:iron_sword":1,"minecraft:gray_bed":9,"minecraft:stone_hoe":2,"minecraft:oak_planks":8,"minecraft:oak_slab":2,"minecraft:dandelion":65,"minecraft:oak_pressure_plate":3,"minecraft:poisonous_potato":1,"minecraft:gravel":20,"minecraft:sand":24,"minecraft:blast_furnace":3,"minecraft:dark_oak_log":16,"minecraft:mossy_cobblestone":19,"minecraft:stone_axe":1,"minecraft:granite":1,"minecraft:crossbow":1,"minecraft:cherry_sapling":2,"minecraft:gray_wool":33,"minecraft:bread":22,"minecraft:dark_oak_fence":4,"minecraft:bricks":3,"minecraft:coal":25,"minecraft:diamond_pickaxe":1},"minecraft:mined":{"minecraft:blue_carpet":2,"minecraft:tuff":5,"minecraft:mossy_cobblestone":15,"minecraft:cherry_log":34,"minecraft:cobblestone_stairs":7,"minecraft:sculk_vein":39,"minecraft:dark_oak_log":8,"minecraft:granite":2,"minecraft:dark_oak_fence":2,"minecraft:grass_block":100,"minecraft:oak_pressure_plate":1,"minecraft:deepslate_tile_stairs":1,"minecraft:cartography_table":1,"minecraft:oxeye_daisy":2,"minecraft:smooth_stone":7,"minecraft:oak_trapdoor":1,"minecraft:carrots":8,"minecraft:andesite":7,"minecraft:azure_bluet":8,"minecraft:polished_deepslate":1,"minecraft:potatoes":1,"minecraft:dirt_path":32,"minecraft:oak_stairs":3,"minecraft:stone":103,"minecraft:deepslate_redstone_ore":4,"minecraft:oak_slab":2,"minecraft:glass_pane":1,"minecraft:cherry_planks":1,"minecraft:dandelion":10,"minecraft:oak_fence":2,"minecraft:crafting_table":5,"minecraft:cornflower":9,"minecraft:torch":5,"minecraft:blast_furnace":2,"minecraft:poppy":5,"minecraft:chest":3,"minecraft:tall_grass":2,"minecraft:cobblestone":176,"minecraft:deepslate_gold_ore":10,"minecraft:oak_planks":3,"minecraft:bricks":2,"minecraft:cracked_deepslate_bricks":1,"minecraft:sculk":47,"minecraft:wall_torch":11,"minecraft:pink_petals":5,"minecraft:white_terracotta":3,"minecraft:gray_wool":1,"minecraft:wheat":4,"minecraft:gray_bed":10,"minecraft:yellow_bed":15,"minecraft:grass":22,"minecraft:oak_log":2,"minecraft:coal_ore":15,"minecraft:beetroots":1,"minecraft:cherry_leaves":4,"minecraft:gravel":5,"minecraft:sand":12,"minecraft:dirt":146,"minecraft:deepslate":52},"minecraft:killed":{"minecraft:spider":2,"minecraft:skeleton":1,"minecraft:salmon":2,"minecraft:iron_golem":1,"minecraft:creeper":1,"minecraft:zombie":6,"minecraft:cow":1},"minecraft:crafted":{"minecraft:cherry_planks":92,"minecraft:wooden_sword":1,"minecraft:oak_planks":8,"minecraft:cherry_wood":6,"minecraft:stone":10,"sanitydim:garland":4,"minecraft:cooked_mutton":4,"minecraft:iron_boots":1,"minecraft:ladder":3,"minecraft:stone_pickaxe":1,"minecraft:chest":1,"minecraft:gray_bed":1,"minecraft:crafting_table":3,"minecraft:wooden_pickaxe":7,"minecraft:iron_sword":2,"minecraft:stone_axe":1,"minecraft:bread":1,"minecraft:iron_chestplate":1,"minecraft:shield":1,"minecraft:stick":56,"minecraft:iron_ingot":9,"minecraft:wooden_axe":1,"minecraft:cherry_door":3,"minecraft:gold_ingot":9,"minecraft:torch":32},"minecraft:custom":{"minecraft:mob_kills":15,"minecraft:interact_with_crafting_table":48,"minecraft:leave_game":2,"minecraft:time_since_death":18016,"minecraft:climb_one_cm":8490,"minecraft:sprint_one_cm":765980,"minecraft:walk_one_cm":946648,"minecraft:damage_blocked_by_shield":1499,"minecraft:drop":156,"minecraft:talked_to_villager":3,"minecraft:play_time":401627,"minecraft:sneak_time":23315,"minecraft:deaths":18,"minecraft:walk_under_water_one_cm":11758,"minecraft:jump":3118,"minecraft:interact_with_blast_furnace":3,"minecraft:walk_on_water_one_cm":17506,"minecraft:total_world_time":401627,"minecraft:interact_with_furnace":16,"minecraft:interact_with_cartography_table":1,"minecraft:interact_with_stonecutter":2,"minecraft:sleep_in_bed":37,"minecraft:time_since_rest":18054,"minecraft:damage_taken":7057,"minecraft:damage_dealt":3464,"minecraft:swim_one_cm":20622,"minecraft:fly_one_cm":298769,"minecraft:player_kills":1,"minecraft:open_chest":40,"minecraft:crouch_one_cm":43793,"minecraft:fall_one_cm":68574},"minecraft:used":{"minecraft:stone_sword":12,"minecraft:stone_shovel":25,"minecraft:ladder":3,"minecraft:chest":3,"minecraft:shield":38,"minecraft:white_terracotta":2,"minecraft:iron_sword":154,"minecraft:rotten_flesh":11,"minecraft:stone_hoe":10,"simpletomb:grave_key":58,"minecraft:oak_door":3,"minecraft:torch":50,"minecraft:dirt":167,"minecraft:mutton":2,"minecraft:carrot":47,"minecraft:wooden_axe":32,"minecraft:bricks":3,"minecraft:oak_stairs":1,"minecraft:beef":2,"minecraft:gray_bed":9,"minecraft:egg":3,"minecraft:cooked_mutton":4,"minecraft:diorite":27,"minecraft:stone_pickaxe":140,"minecraft:oak_planks":3,"minecraft:wooden_pickaxe":387,"minecraft:cherry_planks":4,"minecraft:mossy_cobblestone":19,"minecraft:oak_slab":1,"minecraft:crafting_table":9,"minecraft:blast_furnace":3,"minecraft:crossbow":6,"minecraft:diamond_pickaxe":12,"minecraft:cherry_door":1,"minecraft:bread":21,"minecraft:iron_pickaxe":12,"minecraft:oak_pressure_plate":1,"minecraft:gravel":2,"minecraft:wooden_sword":58,"minecraft:cobblestone":398,"minecraft:yellow_bed":14,"minecraft:smooth_stone":9},"minecraft:dropped":{"minecraft:bread":1,"minecraft:wheat_seeds":7,"minecraft:poisonous_potato":1,"minecraft:cobblestone":64,"minecraft:granite":1,"minecraft:coal":1,"minecraft:deepslate_tile_stairs":1,"minecraft:dirt":12,"minecraft:gray_wool":15,"minecraft:deepslate_brick_stairs":1,"minecraft:dark_oak_fence":4,"minecraft:cornflower":1,"minecraft:gray_bed":1,"minecraft:cherry_planks":13,"minecraft:sand":24,"minecraft:string":11,"minecraft:dandelion":11,"minecraft:bone":3,"minecraft:gravel":12,"minecraft:furnace":1,"minecraft:stone_axe":1,"minecraft:wheat":1,"minecraft:beetroot":1,"minecraft:rotten_flesh":1,"minecraft:azure_bluet":3,"minecraft:poppy":1,"minecraft:beetroot_seeds":2,"minecraft:yellow_bed":2,"minecraft:carved_pumpkin":1,"minecraft:wooden_pickaxe":2},"minecraft:broken":{"sanitydim:garland":6,"minecraft:wooden_pickaxe":4,"minecraft:stone_pickaxe":1,"minecraft:wooden_sword":2,"minecraft:wooden_axe":1},"minecraft:killed_by":{"endofherobrine:cow":1,"minecraft:player":3,"minecraft:spider":1,"sanitydim:rotting_stalker":2,"man:managgresive":3,"minecraft:warden":2,"minecraft:skeleton":1,"minecraft:zombie":2}},"DataVersion":3465}