{"stats":{"minecraft:dropped":{"minecraft:dirt":3,"minecraft:string":11,"minecraft:furnace":1,"minecraft:wooden_pickaxe":1},"minecraft:killed_by":{"minecraft:player":3,"man:managgresive":2,"minecraft:skeleton":1,"minecraft:zombie":2},"minecraft:crafted":{"minecraft:cherry_planks":72,"minecraft:wooden_sword":1,"minecraft:oak_planks":8,"minecraft:cherry_wood":6,"sanitydim:garland":2,"minecraft:cooked_mutton":4,"minecraft:ladder":3,"minecraft:stone_pickaxe":1,"minecraft:chest":1,"minecraft:crafting_table":1,"minecraft:wooden_pickaxe":5,"minecraft:iron_sword":1,"minecraft:stone_axe":1,"minecraft:shield":1,"minecraft:stick":32,"minecraft:wooden_axe":1,"minecraft:cherry_door":3,"minecraft:torch":24},"minecraft:killed":{"minecraft:spider":2,"minecraft:skeleton":1,"minecraft:iron_golem":1,"minecraft:zombie":6,"minecraft:cow":1},"minecraft:used":{"minecraft:stone_shovel":25,"minecraft:ladder":3,"minecraft:chest":3,"minecraft:shield":25,"minecraft:white_terracotta":2,"minecraft:iron_sword":148,"minecraft:rotten_flesh":4,"simpletomb:grave_key":9,"minecraft:oak_door":3,"minecraft:torch":41,"minecraft:dirt":155,"minecraft:mutton":2,"minecraft:carrot":1,"minecraft:wooden_axe":32,"minecraft:bricks":3,"minecraft:beef":2,"minecraft:egg":1,"minecraft:cooked_mutton":4,"minecraft:diorite":26,"minecraft:stone_pickaxe":128,"minecraft:oak_planks":3,"minecraft:wooden_pickaxe":281,"minecraft:cherry_planks":2,"minecraft:mossy_cobblestone":19,"minecraft:oak_slab":1,"minecraft:crafting_table":7,"minecraft:blast_furnace":3,"minecraft:cherry_door":1,"minecraft:bread":10,"minecraft:oak_pressure_plate":1,"minecraft:gravel":2,"minecraft:wooden_sword":58,"minecraft:cobblestone":396,"minecraft:yellow_bed":8,"minecraft:smooth_stone":9},"minecraft:picked_up":{"minecraft:crafting_table":6,"minecraft:azure_bluet":6,"minecraft:wooden_pickaxe":2,"minecraft:oak_stairs":5,"minecraft:cornflower":14,"minecraft:polished_deepslate":1,"minecraft:oak_trapdoor":1,"minecraft:string":13,"minecraft:wooden_sword":1,"minecraft:diamond_leggings":1,"minecraft:cartography_table":1,"minecraft:cobbled_deepslate":3,"minecraft:smooth_stone":7,"minecraft:beef":2,"minecraft:poppy":4,"minecraft:iron_pickaxe":1,"minecraft:chest":2,"minecraft:furnace":1,"minecraft:egg":8,"minecraft:oak_door":3,"minecraft:oak_fence":3,"minecraft:torch":18,"minecraft:cherry_log":20,"minecraft:carrot":1,"minecraft:deepslate_tile_stairs":1,"minecraft:blue_carpet":1,"minecraft:rotten_flesh":36,"minecraft:stone_shovel":1,"minecraft:cracked_deepslate_bricks":1,"minecraft:white_terracotta":3,"minecraft:deepslate_brick_stairs":1,"minecraft:mutton":12,"minecraft:cobblestone":338,"minecraft:oxeye_daisy":1,"minecraft:pink_petals":4,"minecraft:cherry_planks":1,"minecraft:flint":2,"minecraft:oak_log":2,"minecraft:yellow_bed":9,"minecraft:cobblestone_stairs":10,"sanitydim:garland":1,"minecraft:dirt":285,"minecraft:wheat_seeds":6,"minecraft:raw_gold":3,"minecraft:bell":1,"minecraft:iron_ingot":3,"minecraft:oak_planks":8,"minecraft:stone_hoe":1,"minecraft:oak_slab":2,"minecraft:dandelion":36,"minecraft:oak_pressure_plate":3,"minecraft:gravel":2,"minecraft:blast_furnace":3,"minecraft:mossy_cobblestone":19,"minecraft:cherry_sapling":2,"minecraft:gray_wool":10,"minecraft:bread":10,"minecraft:coal":18,"minecraft:bricks":3},"minecraft:mined":{"minecraft:blue_carpet":2,"minecraft:mossy_cobblestone":15,"minecraft:cherry_log":26,"minecraft:cobblestone_stairs":7,"minecraft:sculk_vein":34,"minecraft:grass_block":80,"minecraft:oak_pressure_plate":1,"minecraft:deepslate_tile_stairs":1,"minecraft:cartography_table":1,"minecraft:oxeye_daisy":2,"minecraft:smooth_stone":7,"minecraft:oak_trapdoor":1,"minecraft:azure_bluet":5,"minecraft:polished_deepslate":1,"minecraft:dirt_path":32,"minecraft:oak_stairs":3,"minecraft:stone":59,"minecraft:oak_slab":2,"minecraft:glass_pane":1,"minecraft:cherry_planks":1,"minecraft:dandelion":8,"minecraft:oak_fence":2,"minecraft:crafting_table":5,"minecraft:cornflower":8,"minecraft:torch":5,"minecraft:blast_furnace":2,"minecraft:poppy":3,"minecraft:chest":3,"minecraft:cobblestone":176,"minecraft:oak_planks":3,"minecraft:bricks":2,"minecraft:cracked_deepslate_bricks":1,"minecraft:sculk":29,"minecraft:wall_torch":11,"minecraft:pink_petals":1,"minecraft:white_terracotta":3,"minecraft:gray_wool":1,"minecraft:yellow_bed":9,"minecraft:grass":12,"minecraft:coal_ore":8,"minecraft:oak_log":2,"minecraft:cherry_leaves":3,"minecraft:gravel":2,"minecraft:dirt":122,"minecraft:deepslate":6},"minecraft:custom":{"minecraft:mob_kills":12,"minecraft:interact_with_crafting_table":24,"minecraft:time_since_death":27462,"minecraft:climb_one_cm":2842,"minecraft:sprint_one_cm":294109,"minecraft:walk_one_cm":568547,"minecraft:damage_blocked_by_shield":1019,"minecraft:drop":16,"minecraft:talked_to_villager":3,"minecraft:play_time":217370,"minecraft:deaths":9,"minecraft:sneak_time":13206,"minecraft:jump":1333,"minecraft:total_world_time":217370,"minecraft:interact_with_furnace":8,"minecraft:interact_with_stonecutter":2,"minecraft:sleep_in_bed":16,"minecraft:time_since_rest":22098,"minecraft:damage_taken":3461,"minecraft:damage_dealt":3152,"minecraft:fly_one_cm":137654,"minecraft:player_kills":1,"minecraft:open_chest":22,"minecraft:crouch_one_cm":18674,"minecraft:fall_one_cm":32527},"minecraft:broken":{"sanitydim:garland":2,"minecraft:wooden_pickaxe":3,"minecraft:stone_pickaxe":1,"minecraft:wooden_sword":2,"minecraft:wooden_axe":1}},"DataVersion":3465}