{"stats":{"minecraft:picked_up":{"minecraft:charcoal":2,"minecraft:crafting_table":2,"minecraft:wheat":11,"minecraft:red_mushroom":1,"minecraft:filled_map":2,"minecraft:string":1,"minecraft:blue_bed":1,"minecraft:dirt":10,"minecraft:bone":2,"minecraft:bow":1,"minecraft:wheat_seeds":40,"minecraft:poppy":2,"minecraft:fletching_table":1,"minecraft:sweet_berries":71,"minecraft:torch":4,"minecraft:dandelion":1,"minecraft:sand":5,"minecraft:spruce_sapling":2,"minecraft:spruce_log":34,"minecraft:rotten_flesh":1,"minecraft:arrow":1,"minecraft:purple_bed":5,"minecraft:mutton":3,"minecraft:white_wool":2,"minecraft:cobblestone":6},"minecraft:killed_by":{"man:managgresive":2,"minecraft:player":1,"minecraft:zombie":2,"sanitydim:rotting_stalker":1},"minecraft:mined":{"minecraft:dandelion":1,"minecraft:crafting_table":2,"minecraft:torch":2,"minecraft:grass_block":6,"minecraft:poppy":3,"minecraft:campfire":1,"minecraft:spruce_leaves":20,"minecraft:red_mushroom":1,"minecraft:blue_bed":1,"minecraft:wall_torch":2,"minecraft:large_fern":3,"minecraft:purple_bed":4,"minecraft:wheat":14,"minecraft:sweet_berry_bush":30,"minecraft:spruce_log":34,"minecraft:fletching_table":1,"minecraft:grass":2,"minecraft:potatoes":1,"minecraft:dirt_path":1,"minecraft:sand":2,"minecraft:dirt":1,"minecraft:stone":6,"minecraft:oak_leaves":2,"minecraft:fern":5},"minecraft:crafted":{"minecraft:crafting_table":1,"minecraft:spruce_planks":12,"minecraft:wooden_pickaxe":1,"minecraft:stone_axe":1,"minecraft:stick":8,"minecraft:stone_pickaxe":1},"minecraft:used":{"minecraft:wheat_seeds":15,"minecraft:wooden_pickaxe":6,"minecraft:blue_bed":1,"simpletomb:grave_key":8,"minecraft:torch":2,"minecraft:dirt":8,"minecraft:sand":2,"minecraft:crafting_table":2,"minecraft:bread":1,"minecraft:spruce_sapling":1,"minecraft:stone_axe":34,"minecraft:sweet_berries":20,"minecraft:purple_bed":2,"minecraft:large_fern":1},"minecraft:dropped":{"minecraft:sweet_berries":1,"simpletomb:grave_key":1,"man:cassette_1safetyinstructions":1,"minecraft:filled_map":2},"minecraft:custom":{"minecraft:mob_kills":2,"minecraft:interact_with_crafting_table":3,"minecraft:interact_with_stonecutter":1,"minecraft:leave_game":1,"minecraft:time_since_death":9756,"minecraft:sleep_in_bed":5,"minecraft:time_since_rest":9781,"minecraft:sprint_one_cm":186606,"minecraft:damage_taken":4023,"minecraft:walk_one_cm":106683,"minecraft:drop":5,"minecraft:damage_dealt":143,"minecraft:swim_one_cm":27561,"minecraft:fly_one_cm":646236,"minecraft:open_chest":7,"minecraft:play_time":57850,"minecraft:deaths":14,"minecraft:sneak_time":455,"minecraft:walk_under_water_one_cm":6858,"minecraft:boat_one_cm":89319,"minecraft:jump":938,"minecraft:walk_on_water_one_cm":5381,"minecraft:total_world_time":57850,"minecraft:fall_one_cm":29133},"minecraft:killed":{"minecraft:zombie":1}},"DataVersion":3465}