{"stats":{"minecraft:dropped":{"minecraft:cocoa_beans":6,"minecraft:azalea":1},"minecraft:killed_by":{"man:managgresive":1,"siren_head:siren_head_crawl_had_to_make_seprate_entity_for_this_ver":3,"minecraft:skeleton":2,"minecraft:creeper":1,"minecraft:spider":2,"minecraft:zombie":5,"minecraft:drowned":1,"endofherobrine:sheep":1,"sanitydim:rotting_stalker":1},"minecraft:used":{"minecraft:cooked_mutton":2,"minecraft:stone_sword":31,"minecraft:stone_shovel":4,"minecraft:stone_pickaxe":34,"minecraft:chest":1,"minecraft:wooden_pickaxe":22,"minecraft:torch":5,"minecraft:dirt":20,"minecraft:mutton":1,"minecraft:crafting_table":3,"minecraft:jungle_planks":4,"minecraft:wooden_axe":28,"minecraft:jungle_log":2,"minecraft:stone_axe":24,"minecraft:cobblestone":3,"minecraft:furnace":3,"minecraft:cooked_beef":4},"minecraft:crafted":{"minecraft:cooked_beef":4,"minecraft:stone_shovel":1,"minecraft:crafting_table":2,"minecraft:wooden_pickaxe":1,"minecraft:furnace":2,"minecraft:stone_axe":1,"minecraft:cooked_mutton":3,"minecraft:air":0,"minecraft:jungle_planks":64,"minecraft:charcoal":4,"minecraft:stick":12,"minecraft:stone_pickaxe":1,"minecraft:wooden_axe":1,"minecraft:stone_sword":1,"minecraft:chest":1,"minecraft:torch":4},"minecraft:killed":{"minecraft:spider":1,"minecraft:sheep":2,"minecraft:zombie":7,"endofherobrine:sheep":3,"minecraft:cow":2},"minecraft:custom":{"minecraft:interact_with_furnace":16,"minecraft:mob_kills":15,"minecraft:interact_with_crafting_table":14,"minecraft:leave_game":2,"minecraft:time_since_death":5990,"minecraft:climb_one_cm":8336,"minecraft:time_since_rest":6014,"minecraft:sprint_one_cm":102689,"minecraft:damage_taken":5503,"minecraft:walk_one_cm":73819,"minecraft:drop":7,"minecraft:damage_dealt":2354,"minecraft:swim_one_cm":33443,"minecraft:fly_one_cm":629750,"minecraft:open_chest":6,"minecraft:crouch_one_cm":422,"minecraft:play_time":53834,"minecraft:deaths":19,"minecraft:sneak_time":701,"minecraft:walk_under_water_one_cm":1402,"minecraft:jump":1071,"minecraft:walk_on_water_one_cm":4327,"minecraft:total_world_time":53834,"minecraft:fall_one_cm":42066},"minecraft:picked_up":{"minecraft:wooden_axe":2,"minecraft:cocoa_beans":6,"minecraft:charcoal":5,"minecraft:coarse_dirt":10,"minecraft:crafting_table":1,"minecraft:jungle_log":42,"minecraft:leather":10,"minecraft:oak_log":1,"minecraft:dirt":158,"minecraft:iron_shovel":1,"minecraft:bone":2,"minecraft:bow":1,"minecraft:wheat_seeds":4,"minecraft:beef":12,"minecraft:stone_pickaxe":2,"minecraft:azalea":1,"minecraft:iron_sword":1,"minecraft:furnace":1,"minecraft:stick":5,"minecraft:torch":7,"minecraft:jungle_planks":39,"minecraft:arrow":2,"minecraft:stone_sword":2,"minecraft:stone_shovel":1,"minecraft:rotten_flesh":7,"minecraft:stone_axe":2,"minecraft:gray_wool":3,"minecraft:mutton":10,"minecraft:white_wool":4,"minecraft:cobblestone":85},"minecraft:mined":{"minecraft:jungle_leaves":21,"minecraft:crafting_table":1,"minecraft:grass_block":3,"minecraft:jungle_log":30,"minecraft:cobblestone":3,"minecraft:wall_torch":1,"minecraft:furnace":1,"minecraft:grass":12,"minecraft:vine":7,"minecraft:dirt":16,"minecraft:azalea":1,"minecraft:stone":51,"minecraft:fern":6}},"DataVersion":3465}