{"stats":{"minecraft:custom":{"minecraft:interact_with_furnace":7,"minecraft:mob_kills":2,"minecraft:interact_with_crafting_table":19,"minecraft:interact_with_campfire":4,"minecraft:leave_game":3,"minecraft:time_since_death":44406,"minecraft:sleep_in_bed":7,"minecraft:time_since_rest":10135,"minecraft:sprint_one_cm":161453,"minecraft:damage_taken":1220,"minecraft:walk_one_cm":109950,"minecraft:drop":5,"minecraft:damage_dealt":260,"minecraft:fly_one_cm":231229,"minecraft:open_chest":24,"minecraft:crouch_one_cm":497,"minecraft:play_time":60141,"minecraft:deaths":3,"minecraft:sneak_time":201,"minecraft:jump":872,"minecraft:total_world_time":60141,"minecraft:fall_one_cm":27085},"minecraft:used":{"minecraft:stone_sword":8,"minecraft:cobblestone_stairs":53,"minecraft:stone_shovel":91,"minecraft:stone_pickaxe":427,"minecraft:oak_planks":6,"minecraft:chest":2,"minecraft:wooden_pickaxe":7,"simpletomb:grave_key":1,"minecraft:torch":29,"minecraft:dirt":27,"minecraft:crafting_table":4,"minecraft:carrot":22,"minecraft:campfire":1,"minecraft:oak_stairs":24,"minecraft:bread":4,"minecraft:stone_axe":77,"minecraft:pink_petals":1,"minecraft:cobblestone":33,"minecraft:furnace":1,"minecraft:yellow_bed":3},"minecraft:crafted":{"minecraft:oak_planks":76,"minecraft:stone_shovel":1,"minecraft:crafting_table":2,"minecraft:wooden_pickaxe":1,"minecraft:furnace":1,"minecraft:cobblestone_stairs":100,"minecraft:campfire":1,"minecraft:stone_axe":1,"minecraft:bread":27,"minecraft:air":0,"minecraft:shield":1,"minecraft:stick":40,"minecraft:iron_ingot":4,"minecraft:iron_pickaxe":1,"minecraft:stone_pickaxe":5,"minecraft:oak_stairs":24,"minecraft:stone_sword":1,"minecraft:torch":32,"minecraft:stone_hoe":1,"minecraft:wheat":81},"minecraft:broken":{"minecraft:stone_pickaxe":3},"minecraft:killed":{"minecraft:sheep":1,"minecraft:zombie":1},"minecraft:mined":{"minecraft:cherry_log":21,"minecraft:cobblestone_stairs":1,"minecraft:dandelion":1,"minecraft:oak_fence":4,"minecraft:crafting_table":2,"minecraft:granite":1,"minecraft:grass_block":15,"minecraft:copper_ore":10,"minecraft:cobblestone":7,"minecraft:diorite":44,"minecraft:wall_torch":1,"minecraft:pink_petals":2,"minecraft:hay_block":18,"minecraft:smooth_stone":3,"minecraft:carrots":4,"minecraft:iron_ore":16,"minecraft:wheat":3,"minecraft:stripped_oak_wood":1,"minecraft:yellow_bed":5,"minecraft:azure_bluet":1,"minecraft:grass":10,"minecraft:coal_ore":38,"minecraft:potatoes":2,"minecraft:oak_log":46,"minecraft:beetroots":1,"minecraft:dirt_path":3,"minecraft:oak_stairs":1,"minecraft:gravel":12,"minecraft:sand":1,"minecraft:dirt":71,"minecraft:stone":314},"minecraft:killed_by":{"man:managgresive":2},"minecraft:picked_up":{"minecraft:pink_petals":7,"minecraft:crafting_table":2,"minecraft:wheat":3,"minecraft:feather":5,"minecraft:leather":4,"minecraft:potato":10,"minecraft:oak_stairs":1,"minecraft:oak_log":46,"minecraft:yellow_bed":5,"minecraft:cobblestone_stairs":1,"minecraft:dirt":93,"minecraft:raw_copper":34,"minecraft:cooked_mutton":1,"minecraft:beetroot":1,"minecraft:wheat_seeds":12,"minecraft:smooth_stone":3,"minecraft:stripped_oak_wood":1,"minecraft:chest":2,"minecraft:oak_planks":16,"minecraft:oak_slab":9,"minecraft:raw_iron":16,"minecraft:oak_door":5,"minecraft:oak_fence":4,"minecraft:dandelion":1,"minecraft:torch":6,"minecraft:acacia_log":2,"minecraft:oak_pressure_plate":1,"minecraft:gravel":12,"minecraft:sand":1,"minecraft:cherry_log":21,"minecraft:diorite":44,"minecraft:carrot":15,"minecraft:rotten_flesh":1,"minecraft:beetroot_seeds":4,"minecraft:hay_block":25,"minecraft:granite":1,"minecraft:gray_wool":1,"minecraft:golden_horse_armor":1,"minecraft:emerald":6,"minecraft:baked_potato":3,"minecraft:black_wool":1,"minecraft:mutton":1,"minecraft:coal":38,"minecraft:white_wool":3,"minecraft:cobblestone":325},"minecraft:dropped":{"minecraft:gravel":2,"minecraft:cobblestone":100,"man:cassette_1safetyinstructions":1,"minecraft:sand":1}},"DataVersion":3465}