{"stats":{"minecraft:killed_by":{"man:managgresive":1,"minecraft:player":1,"minecraft:creeper":2,"sanitydim:rotting_stalker":1},"minecraft:picked_up":{"minecraft:charcoal":10,"minecraft:crafting_table":7,"minecraft:wheat":18,"minecraft:andesite":10,"minecraft:wooden_pickaxe":1,"minecraft:oak_log":71,"minecraft:gunpowder":2,"minecraft:string":2,"minecraft:dirt":230,"man:cassette_1safetyinstructions":1,"minecraft:raw_copper":10,"minecraft:bone":8,"minecraft:apple":1,"minecraft:wheat_seeds":60,"minecraft:stone_pickaxe":4,"minecraft:stone_hoe":2,"minecraft:oak_planks":83,"minecraft:furnace":2,"minecraft:raw_iron":2,"minecraft:stick":18,"minecraft:oak_door":2,"minecraft:torch":28,"minecraft:gravel":4,"minecraft:diorite":16,"minecraft:spider_eye":1,"minecraft:stone_sword":5,"minecraft:arrow":13,"minecraft:rotten_flesh":1,"minecraft:stone_shovel":3,"minecraft:stone_axe":3,"minecraft:bone_meal":9,"minecraft:bread":1,"minecraft:oak_sapling":10,"minecraft:coal":56,"minecraft:cobblestone":351},"minecraft:crafted":{"minecraft:oak_door":3,"minecraft:oak_slab":12,"minecraft:oak_planks":68,"minecraft:stone_shovel":1,"minecraft:crafting_table":1,"minecraft:wooden_pickaxe":1,"minecraft:furnace":1,"minecraft:copper_ingot":33,"minecraft:bone_meal":33,"minecraft:stone_axe":3,"minecraft:bread":4,"minecraft:air":0,"minecraft:oak_trapdoor":2,"minecraft:glass":4,"minecraft:charcoal":5,"minecraft:stick":56,"minecraft:iron_ingot":2,"minecraft:stone_pickaxe":4,"minecraft:stone_sword":1,"minecraft:chest":2,"minecraft:composter":1,"minecraft:torch":104,"minecraft:stone_hoe":1},"minecraft:broken":{"minecraft:stone_pickaxe":1},"minecraft:custom":{"minecraft:interact_with_furnace":15,"minecraft:mob_kills":12,"minecraft:interact_with_crafting_table":30,"minecraft:leave_game":1,"minecraft:time_since_death":4622,"minecraft:time_since_rest":4661,"minecraft:sprint_one_cm":154641,"minecraft:damage_taken":1897,"minecraft:walk_one_cm":186725,"minecraft:drop":6,"minecraft:damage_dealt":2289,"minecraft:swim_one_cm":2915,"minecraft:fly_one_cm":92383,"minecraft:open_chest":52,"minecraft:crouch_one_cm":6678,"minecraft:play_time":66872,"minecraft:deaths":6,"minecraft:sneak_time":2281,"minecraft:walk_under_water_one_cm":174,"minecraft:jump":736,"minecraft:walk_on_water_one_cm":1080,"minecraft:total_world_time":66872,"minecraft:fall_one_cm":9704},"minecraft:dropped":{"minecraft:oak_planks":10,"minecraft:diorite":4,"minecraft:stone_pickaxe":1},"minecraft:killed":{"minecraft:spider":3,"minecraft:creeper":3,"minecraft:skeleton":4,"minecraft:zombie":1},"minecraft:mined":{"minecraft:farmland":2,"minecraft:oak_door":1,"minecraft:crafting_table":1,"minecraft:torch":3,"minecraft:grass_block":44,"minecraft:copper_ore":2,"minecraft:cobblestone":6,"minecraft:diorite":15,"minecraft:wall_torch":8,"minecraft:furnace":2,"minecraft:iron_ore":2,"minecraft:wheat":14,"minecraft:andesite":5,"minecraft:grass":53,"minecraft:oak_log":49,"minecraft:coal_ore":36,"minecraft:gravel":2,"minecraft:dirt":65,"minecraft:stone":208,"minecraft:oak_leaves":5},"minecraft:used":{"minecraft:wheat_seeds":45,"minecraft:stone_sword":54,"minecraft:stone_shovel":91,"minecraft:stone_pickaxe":251,"minecraft:chest":2,"minecraft:wooden_pickaxe":35,"minecraft:composter":1,"minecraft:stone_hoe":18,"minecraft:rotten_flesh":4,"minecraft:oak_door":3,"minecraft:torch":115,"minecraft:dirt":74,"minecraft:crafting_table":4,"minecraft:apple":1,"minecraft:bread":3,"minecraft:stone_axe":49,"minecraft:cobblestone":106,"minecraft:oak_sapling":4,"minecraft:furnace":3,"minecraft:bone_meal":33}},"DataVersion":3465}