{"stats":{"minecraft:broken":{"minecraft:stone_sword":1,"sanitydim:garland":1,"minecraft:stone_pickaxe":6,"minecraft:stone_axe":1,"minecraft:golden_pickaxe":1},"minecraft:dropped":{"minecraft:iron_ingot":2,"minecraft:stone_hoe":2,"minecraft:cobblestone":15,"minecraft:dirt":2,"minecraft:diorite":4,"minecraft:stone_axe":2,"minecraft:cooked_chicken":2,"minecraft:stone_sword":3,"minecraft:stone_shovel":2,"minecraft:oak_planks":10,"minecraft:stone_pickaxe":2},"minecraft:crafted":{"minecraft:oak_door":3,"minecraft:oak_planks":120,"minecraft:cobblestone_slab":6,"minecraft:stone_shovel":1,"minecraft:fishing_rod":1,"minecraft:cooked_chicken":7,"minecraft:furnace":1,"minecraft:cobblestone_stairs":136,"minecraft:bone_meal":42,"minecraft:cooked_mutton":8,"minecraft:oak_trapdoor":2,"minecraft:flint_and_steel":1,"minecraft:glass":4,"minecraft:bow":2,"minecraft:iron_boots":1,"minecraft:stone_pickaxe":11,"minecraft:cobblestone_wall":30,"minecraft:chest":3,"minecraft:stone_hoe":1,"minecraft:cooked_beef":3,"minecraft:cooked_cod":4,"minecraft:oak_slab":12,"minecraft:cooked_porkchop":7,"minecraft:crafting_table":3,"minecraft:iron_helmet":1,"minecraft:wooden_pickaxe":1,"minecraft:iron_sword":1,"minecraft:cooked_salmon":1,"minecraft:copper_ingot":33,"minecraft:stone_axe":4,"minecraft:bread":9,"minecraft:air":0,"minecraft:oak_boat":1,"minecraft:iron_chestplate":1,"minecraft:charcoal":5,"minecraft:shield":1,"minecraft:stick":112,"minecraft:iron_ingot":34,"minecraft:iron_pickaxe":1,"minecraft:stone_sword":2,"minecraft:iron_leggings":1,"minecraft:white_bed":2,"minecraft:composter":1,"minecraft:torch":268},"minecraft:killed_by":{"endofherobrine:cow":1,"minecraft:player":2,"minecraft:creeper":2,"minecraft:spider":2,"endofherobrine:sheep":1,"sanitydim:rotting_stalker":2,"man:managgresive":3,"sanitydim:sneaking_terror":2,"minecraft:skeleton":2,"minecraft:zombie":2},"minecraft:killed":{"minecraft:zombified_piglin":1,"minecraft:spider":15,"minecraft:skeleton":8,"minecraft:chicken":8,"minecraft:pig":3,"minecraft:zombie_villager":1,"endofherobrine:villager":1,"minecraft:creeper":6,"minecraft:sheep":6,"minecraft:zombie":14,"endofherobrine:sheep":10,"endofherobrine:pigman":1,"minecraft:cow":1},"minecraft:mined":{"minecraft:white_bed":1,"minecraft:farmland":6,"minecraft:oak_door":1,"minecraft:cobblestone_stairs":14,"minecraft:grass_block":61,"minecraft:composter":1,"minecraft:furnace":2,"minecraft:iron_ore":22,"minecraft:andesite":63,"minecraft:deepslate_iron_ore":11,"minecraft:stone":766,"minecraft:white_wool":1,"minecraft:deepslate_redstone_ore":1,"minecraft:medium_amethyst_bud":1,"minecraft:amethyst_cluster":7,"minecraft:oak_fence":10,"minecraft:crafting_table":2,"minecraft:torch":9,"minecraft:tall_grass":2,"minecraft:copper_ore":2,"minecraft:cobblestone":12,"minecraft:oak_planks":21,"minecraft:diorite":90,"minecraft:wall_torch":20,"minecraft:cobblestone_wall":1,"minecraft:wheat":31,"minecraft:grass":167,"minecraft:oak_log":76,"minecraft:coal_ore":46,"minecraft:beetroots":1,"minecraft:gravel":12,"minecraft:dirt":96,"minecraft:cobweb":2,"minecraft:smooth_basalt":1,"minecraft:oak_leaves":5,"minecraft:deepslate":48},"minecraft:picked_up":{"minecraft:charcoal":10,"minecraft:crafting_table":9,"minecraft:wheat":37,"minecraft:chicken":7,"minecraft:wooden_pickaxe":1,"minecraft:shield":2,"minecraft:string":15,"minecraft:raw_copper":10,"minecraft:flint_and_steel":2,"minecraft:pufferfish":1,"minecraft:beetroot":1,"minecraft:cobbled_deepslate":62,"minecraft:beef":3,"minecraft:iron_pickaxe":2,"minecraft:egg":12,"minecraft:furnace":2,"minecraft:stick":60,"minecraft:raw_iron":33,"minecraft:oak_door":2,"minecraft:composter":1,"minecraft:oak_fence":13,"minecraft:torch":88,"minecraft:porkchop":5,"minecraft:diorite":91,"minecraft:redstone":4,"minecraft:rotten_flesh":25,"minecraft:stone_sword":13,"minecraft:arrow":253,"minecraft:stone_shovel":7,"minecraft:beetroot_seeds":2,"minecraft:mutton":9,"minecraft:cod":4,"minecraft:white_wool":11,"minecraft:cobblestone":1397,"minecraft:feather":4,"minecraft:salmon":3,"minecraft:andesite":67,"minecraft:flint":2,"minecraft:oak_log":136,"minecraft:cobblestone_wall":2,"minecraft:cobblestone_stairs":150,"minecraft:gunpowder":5,"sanitydim:garland":1,"minecraft:dirt":618,"man:cassette_1safetyinstructions":1,"minecraft:cooked_mutton":1,"minecraft:bone":10,"minecraft:apple":3,"minecraft:bow":4,"minecraft:wheat_seeds":115,"minecraft:stone_pickaxe":15,"minecraft:iron_ingot":23,"minecraft:stone_hoe":10,"minecraft:oak_planks":158,"minecraft:smooth_basalt":2,"minecraft:cooked_porkchop":1,"minecraft:gravel":17,"minecraft:amethyst_shard":28,"minecraft:white_bed":1,"minecraft:spider_eye":4,"minecraft:stone_axe":14,"minecraft:bone_meal":12,"minecraft:gray_wool":2,"minecraft:bread":1,"minecraft:oak_sapling":17,"minecraft:coal":102},"minecraft:custom":{"minecraft:mob_kills":79,"minecraft:interact_with_crafting_table":73,"minecraft:open_barrel":10,"minecraft:leave_game":4,"minecraft:time_since_death":5346,"minecraft:sprint_one_cm":910000,"minecraft:walk_one_cm":574907,"minecraft:damage_blocked_by_shield":1440,"minecraft:drop":23,"minecraft:play_time":260652,"minecraft:deaths":20,"minecraft:sneak_time":6838,"minecraft:walk_under_water_one_cm":7874,"minecraft:jump":3625,"minecraft:walk_on_water_one_cm":7444,"minecraft:total_world_time":260652,"minecraft:interact_with_furnace":75,"minecraft:sleep_in_bed":6,"minecraft:time_since_rest":5370,"minecraft:damage_taken":8138,"minecraft:damage_dealt":11589,"minecraft:player_kills":1,"minecraft:swim_one_cm":16237,"minecraft:fly_one_cm":762633,"minecraft:open_chest":136,"minecraft:crouch_one_cm":17846,"minecraft:fish_caught":8,"minecraft:fall_one_cm":66986},"minecraft:used":{"minecraft:beetroot":1,"minecraft:oak_fence":6,"minecraft:stone_sword":227,"minecraft:stone_shovel":118,"minecraft:chest":3,"minecraft:shield":32,"minecraft:iron_sword":21,"minecraft:cooked_chicken":15,"minecraft:stone_hoe":29,"minecraft:rotten_flesh":17,"simpletomb:grave_key":6,"minecraft:oak_door":3,"minecraft:torch":274,"minecraft:dirt":147,"minecraft:cobblestone_wall":32,"minecraft:smooth_basalt":2,"minecraft:bow":46,"minecraft:furnace":3,"minecraft:oak_sapling":11,"minecraft:cooked_cod":4,"minecraft:beetroot_seeds":5,"minecraft:cooked_beef":3,"minecraft:iron_leggings":1,"minecraft:wheat_seeds":102,"minecraft:cooked_mutton":7,"minecraft:diorite":12,"minecraft:cobblestone_stairs":123,"minecraft:stone_pickaxe":1031,"minecraft:wooden_pickaxe":35,"minecraft:composter":2,"minecraft:white_wool":1,"minecraft:crafting_table":8,"minecraft:white_bed":3,"minecraft:apple":1,"minecraft:bread":13,"minecraft:iron_pickaxe":1,"minecraft:gravel":2,"minecraft:stone_axe":151,"minecraft:fishing_rod":22,"minecraft:cobblestone":194,"minecraft:cooked_porkchop":6,"minecraft:bone_meal":44,"minecraft:golden_pickaxe":32}},"DataVersion":3465}