{"stats":{"minecraft:custom":{"minecraft:interact_with_furnace":7,"minecraft:mob_kills":2,"minecraft:interact_with_crafting_table":11,"minecraft:leave_game":3,"minecraft:time_since_death":32406,"minecraft:sleep_in_bed":5,"minecraft:time_since_rest":12947,"minecraft:sprint_one_cm":145699,"minecraft:damage_taken":1200,"minecraft:walk_one_cm":87282,"minecraft:drop":5,"minecraft:damage_dealt":260,"minecraft:fly_one_cm":213457,"minecraft:open_chest":23,"minecraft:crouch_one_cm":67,"minecraft:play_time":48141,"minecraft:deaths":3,"minecraft:sneak_time":149,"minecraft:jump":749,"minecraft:total_world_time":48141,"minecraft:fall_one_cm":25355},"minecraft:used":{"minecraft:stone_sword":8,"minecraft:stone_shovel":81,"minecraft:stone_pickaxe":202,"minecraft:oak_planks":6,"minecraft:chest":2,"minecraft:wooden_pickaxe":7,"simpletomb:grave_key":1,"minecraft:torch":17,"minecraft:dirt":23,"minecraft:crafting_table":2,"minecraft:carrot":22,"minecraft:bread":3,"minecraft:stone_axe":77,"minecraft:pink_petals":1,"minecraft:cobblestone":33,"minecraft:furnace":1,"minecraft:yellow_bed":3},"minecraft:crafted":{"minecraft:oak_planks":60,"minecraft:stone_shovel":1,"minecraft:crafting_table":1,"minecraft:wooden_pickaxe":1,"minecraft:furnace":1,"minecraft:stone_axe":1,"minecraft:bread":27,"minecraft:air":0,"minecraft:shield":1,"minecraft:stick":28,"minecraft:iron_ingot":4,"minecraft:iron_pickaxe":1,"minecraft:stone_pickaxe":2,"minecraft:oak_stairs":24,"minecraft:stone_sword":1,"minecraft:torch":16,"minecraft:wheat":81},"minecraft:broken":{"minecraft:stone_pickaxe":1},"minecraft:killed":{"minecraft:sheep":1,"minecraft:zombie":1},"minecraft:mined":{"minecraft:cherry_log":21,"minecraft:cobblestone_stairs":1,"minecraft:dandelion":1,"minecraft:oak_fence":4,"minecraft:crafting_table":2,"minecraft:grass_block":15,"minecraft:copper_ore":5,"minecraft:cobblestone":7,"minecraft:wall_torch":1,"minecraft:pink_petals":2,"minecraft:hay_block":18,"minecraft:smooth_stone":3,"minecraft:carrots":4,"minecraft:iron_ore":12,"minecraft:wheat":3,"minecraft:stripped_oak_wood":1,"minecraft:yellow_bed":5,"minecraft:azure_bluet":1,"minecraft:grass":10,"minecraft:coal_ore":38,"minecraft:potatoes":2,"minecraft:oak_log":46,"minecraft:beetroots":1,"minecraft:dirt_path":3,"minecraft:oak_stairs":1,"minecraft:gravel":2,"minecraft:sand":1,"minecraft:dirt":69,"minecraft:stone":143},"minecraft:killed_by":{"man:managgresive":2},"minecraft:picked_up":{"minecraft:pink_petals":6,"minecraft:crafting_table":2,"minecraft:wheat":3,"minecraft:feather":5,"minecraft:leather":4,"minecraft:potato":10,"minecraft:oak_stairs":1,"minecraft:oak_log":46,"minecraft:yellow_bed":5,"minecraft:cobblestone_stairs":1,"minecraft:dirt":90,"minecraft:raw_copper":17,"minecraft:beetroot":1,"minecraft:wheat_seeds":12,"minecraft:smooth_stone":3,"minecraft:stripped_oak_wood":1,"minecraft:chest":2,"minecraft:oak_planks":16,"minecraft:oak_slab":9,"minecraft:raw_iron":12,"minecraft:oak_door":5,"minecraft:oak_fence":4,"minecraft:dandelion":1,"minecraft:torch":6,"minecraft:acacia_log":2,"minecraft:oak_pressure_plate":1,"minecraft:gravel":2,"minecraft:sand":1,"minecraft:cherry_log":21,"minecraft:carrot":15,"minecraft:rotten_flesh":1,"minecraft:beetroot_seeds":4,"minecraft:hay_block":25,"minecraft:gray_wool":1,"minecraft:golden_horse_armor":1,"minecraft:emerald":6,"minecraft:black_wool":1,"minecraft:mutton":1,"minecraft:coal":38,"minecraft:white_wool":3,"minecraft:cobblestone":154},"minecraft:dropped":{"minecraft:gravel":2,"minecraft:cobblestone":100,"man:cassette_1safetyinstructions":1,"minecraft:sand":1}},"DataVersion":3465}