{"stats":{"minecraft:killed_by":{"man:managgresive":1,"minecraft:player":1,"minecraft:skeleton":1,"minecraft:creeper":2,"minecraft:spider":1,"endofherobrine:sheep":1,"sanitydim:rotting_stalker":2},"minecraft:picked_up":{"minecraft:charcoal":10,"minecraft:crafting_table":7,"minecraft:wheat":25,"minecraft:andesite":10,"minecraft:wooden_pickaxe":1,"minecraft:oak_log":86,"minecraft:gunpowder":3,"minecraft:string":4,"minecraft:dirt":435,"man:cassette_1safetyinstructions":1,"minecraft:raw_copper":10,"minecraft:cooked_mutton":1,"minecraft:bone":9,"minecraft:apple":1,"minecraft:bow":1,"minecraft:wheat_seeds":83,"minecraft:iron_ingot":4,"minecraft:stone_pickaxe":8,"minecraft:stone_hoe":7,"minecraft:oak_planks":99,"minecraft:egg":9,"minecraft:furnace":2,"minecraft:raw_iron":3,"minecraft:stick":37,"minecraft:cooked_porkchop":1,"minecraft:oak_door":2,"minecraft:torch":50,"minecraft:porkchop":4,"minecraft:gravel":4,"minecraft:diorite":16,"minecraft:spider_eye":1,"minecraft:stone_sword":10,"minecraft:arrow":15,"minecraft:rotten_flesh":5,"minecraft:stone_shovel":7,"minecraft:stone_axe":8,"minecraft:bone_meal":10,"minecraft:bread":1,"minecraft:oak_sapling":11,"minecraft:mutton":4,"minecraft:coal":70,"minecraft:white_wool":2,"minecraft:cobblestone":799},"minecraft:crafted":{"minecraft:oak_door":3,"minecraft:oak_slab":12,"minecraft:oak_planks":72,"minecraft:stone_shovel":1,"minecraft:cooked_porkchop":1,"minecraft:crafting_table":1,"minecraft:wooden_pickaxe":1,"minecraft:furnace":1,"minecraft:copper_ingot":33,"minecraft:cobblestone_stairs":68,"minecraft:bone_meal":36,"minecraft:stone_axe":3,"minecraft:cooked_mutton":3,"minecraft:bread":6,"minecraft:air":0,"minecraft:oak_trapdoor":2,"minecraft:glass":4,"minecraft:bow":2,"minecraft:charcoal":5,"minecraft:stick":72,"minecraft:iron_ingot":3,"minecraft:stone_pickaxe":5,"minecraft:stone_sword":2,"minecraft:chest":2,"minecraft:composter":1,"minecraft:torch":128,"minecraft:stone_hoe":1},"minecraft:broken":{"minecraft:stone_pickaxe":2},"minecraft:custom":{"minecraft:interact_with_furnace":28,"minecraft:mob_kills":31,"minecraft:interact_with_crafting_table":39,"minecraft:leave_game":1,"minecraft:time_since_death":9607,"minecraft:time_since_rest":9633,"minecraft:sprint_one_cm":311928,"minecraft:damage_taken":3607,"minecraft:walk_one_cm":250588,"minecraft:drop":19,"minecraft:damage_dealt":6696,"minecraft:swim_one_cm":14924,"minecraft:fly_one_cm":226535,"minecraft:open_chest":72,"minecraft:crouch_one_cm":6758,"minecraft:play_time":96872,"minecraft:deaths":10,"minecraft:sneak_time":2511,"minecraft:walk_under_water_one_cm":4073,"minecraft:jump":1328,"minecraft:walk_on_water_one_cm":3393,"minecraft:total_world_time":96872,"minecraft:fall_one_cm":20184},"minecraft:dropped":{"minecraft:iron_ingot":2,"minecraft:stone_hoe":2,"minecraft:stone_axe":2,"minecraft:stone_sword":2,"minecraft:stone_shovel":2,"minecraft:oak_planks":10,"minecraft:dirt":2,"minecraft:diorite":4,"minecraft:stone_pickaxe":2},"minecraft:killed":{"minecraft:pig":2,"endofherobrine:villager":1,"minecraft:spider":4,"minecraft:creeper":3,"minecraft:skeleton":6,"minecraft:zombie":2,"endofherobrine:sheep":10,"endofherobrine:pigman":1},"minecraft:mined":{"minecraft:farmland":2,"minecraft:oak_door":1,"minecraft:crafting_table":1,"minecraft:torch":5,"minecraft:grass_block":58,"minecraft:copper_ore":2,"minecraft:cobblestone":12,"minecraft:diorite":15,"minecraft:wall_torch":10,"minecraft:furnace":2,"minecraft:iron_ore":3,"minecraft:wheat":19,"minecraft:andesite":5,"minecraft:grass":161,"minecraft:oak_log":49,"minecraft:coal_ore":36,"minecraft:gravel":2,"minecraft:dirt":80,"minecraft:stone":322,"minecraft:white_wool":1,"minecraft:oak_leaves":5},"minecraft:used":{"minecraft:wheat_seeds":68,"minecraft:cooked_mutton":3,"minecraft:cobblestone_stairs":30,"minecraft:stone_sword":117,"minecraft:stone_shovel":118,"minecraft:stone_pickaxe":372,"minecraft:chest":2,"minecraft:wooden_pickaxe":35,"minecraft:composter":1,"minecraft:stone_hoe":18,"minecraft:rotten_flesh":9,"minecraft:white_wool":1,"minecraft:oak_door":3,"minecraft:torch":137,"minecraft:dirt":75,"minecraft:crafting_table":4,"minecraft:apple":1,"minecraft:bread":6,"minecraft:stone_axe":84,"minecraft:cobblestone":114,"minecraft:bow":9,"minecraft:cooked_porkchop":2,"minecraft:oak_sapling":5,"minecraft:furnace":3,"minecraft:bone_meal":37}},"DataVersion":3465}