{"stats":{"minecraft:picked_up":{"minecraft:chiseled_deepslate":1,"minecraft:crafting_table":3,"minecraft:wheat":3,"minecraft:azure_bluet":4,"minecraft:oak_stairs":1,"minecraft:cornflower":2,"minecraft:string":6,"minecraft:raw_copper":100,"minecraft:beetroot":1,"minecraft:diamond_leggings":1,"minecraft:cobbled_deepslate":51,"minecraft:smooth_stone":6,"minecraft:poppy":4,"minecraft:iron_pickaxe":1,"minecraft:chest":2,"minecraft:furnace":3,"minecraft:egg":1,"minecraft:raw_iron":77,"minecraft:oak_door":5,"minecraft:oak_fence":4,"minecraft:torch":8,"minecraft:acacia_log":2,"minecraft:cherry_log":21,"minecraft:diorite":118,"minecraft:carrot":39,"minecraft:deepslate_tile_stairs":1,"minecraft:rotten_flesh":3,"minecraft:beetroot_seeds":4,"minecraft:hay_block":25,"minecraft:mutton":1,"minecraft:cobblestone":743,"minecraft:snowball":48,"minecraft:white_wool":3,"minecraft:oxeye_daisy":2,"minecraft:pink_petals":7,"minecraft:feather":10,"minecraft:andesite":30,"minecraft:leather":4,"minecraft:potato":10,"minecraft:flint":7,"minecraft:oak_log":46,"minecraft:yellow_bed":6,"minecraft:cobblestone_stairs":30,"minecraft:lapis_lazuli":20,"minecraft:dirt":141,"minecraft:cooked_mutton":1,"minecraft:bone":2,"minecraft:wheat_seeds":12,"minecraft:deepslate_brick_slab":1,"minecraft:iron_ingot":16,"minecraft:stripped_oak_wood":1,"minecraft:oak_planks":16,"minecraft:oak_slab":9,"minecraft:dandelion":16,"minecraft:oak_pressure_plate":1,"minecraft:gravel":54,"minecraft:sand":1,"minecraft:amethyst_shard":8,"minecraft:blast_furnace":1,"minecraft:stone_axe":1,"minecraft:granite":28,"minecraft:gray_wool":340,"minecraft:golden_horse_armor":1,"minecraft:emerald":6,"minecraft:baked_potato":3,"minecraft:black_wool":1,"minecraft:coal":120},"minecraft:mined":{"minecraft:tuff":1,"minecraft:cherry_log":21,"minecraft:cobblestone_stairs":2,"minecraft:sculk_vein":31,"minecraft:granite":28,"minecraft:grass_block":19,"minecraft:deepslate_tile_stairs":1,"minecraft:oxeye_daisy":2,"minecraft:hay_block":18,"minecraft:smooth_stone":3,"minecraft:deepslate_brick_slab":1,"minecraft:sculk_catalyst":2,"minecraft:furnace":3,"minecraft:carrots":10,"minecraft:iron_ore":70,"minecraft:cobbled_deepslate":1,"minecraft:andesite":32,"minecraft:azure_bluet":5,"minecraft:sculk_shrieker":28,"minecraft:potatoes":2,"minecraft:deepslate_iron_ore":6,"minecraft:dirt_path":3,"minecraft:oak_stairs":1,"minecraft:deepslate_brick_stairs":1,"minecraft:stone":718,"minecraft:snow_block":13,"minecraft:amethyst_cluster":2,"minecraft:dandelion":17,"minecraft:oak_fence":4,"minecraft:crafting_table":3,"minecraft:cornflower":2,"minecraft:blast_furnace":1,"minecraft:poppy":5,"minecraft:sculk_sensor":36,"minecraft:copper_ore":16,"minecraft:cobblestone":12,"minecraft:lapis_ore":3,"minecraft:sculk":282,"minecraft:diorite":111,"minecraft:wall_torch":3,"minecraft:pink_petals":2,"minecraft:gray_wool":342,"minecraft:wheat":3,"minecraft:stripped_oak_wood":1,"minecraft:yellow_bed":6,"minecraft:grass":17,"minecraft:oak_log":46,"minecraft:coal_ore":66,"minecraft:beetroots":1,"minecraft:gravel":62,"minecraft:sand":1,"minecraft:dirt":116,"minecraft:deepslate":45},"minecraft:killed":{"minecraft:spider":2,"minecraft:skeleton":1,"minecraft:sheep":1,"minecraft:zombie":1},"minecraft:crafted":{"minecraft:cherry_planks":44,"minecraft:oak_planks":108,"minecraft:stone_shovel":2,"minecraft:fishing_rod":1,"minecraft:furnace":3,"minecraft:blast_furnace":1,"minecraft:cobblestone_stairs":100,"minecraft:stone":3,"minecraft:bone_meal":6,"sanitydim:garland":4,"minecraft:white_carpet":3,"minecraft:bow":1,"minecraft:iron_boots":1,"minecraft:stone_pickaxe":6,"minecraft:chest":1,"minecraft:stone_hoe":1,"minecraft:wheat":144,"minecraft:arrow":20,"minecraft:crafting_table":6,"minecraft:iron_helmet":1,"minecraft:wooden_pickaxe":1,"minecraft:iron_sword":1,"minecraft:campfire":1,"minecraft:stone_axe":1,"minecraft:bread":48,"minecraft:air":0,"minecraft:iron_chestplate":1,"minecraft:shield":1,"minecraft:stick":68,"minecraft:iron_ingot":51,"minecraft:iron_pickaxe":4,"minecraft:oak_stairs":24,"minecraft:stone_sword":1,"minecraft:iron_leggings":1,"minecraft:torch":84,"minecraft:shears":2},"minecraft:custom":{"minecraft:mob_kills":5,"minecraft:interact_with_crafting_table":50,"minecraft:interact_with_campfire":4,"minecraft:leave_game":5,"minecraft:time_since_death":70982,"minecraft:climb_one_cm":508,"minecraft:sprint_one_cm":442004,"minecraft:walk_one_cm":311871,"minecraft:drop":62,"minecraft:play_time":201612,"minecraft:deaths":6,"minecraft:sneak_time":45734,"minecraft:walk_under_water_one_cm":871,"minecraft:jump":4183,"minecraft:interact_with_blast_furnace":3,"minecraft:walk_on_water_one_cm":3237,"minecraft:total_world_time":201612,"minecraft:interact_with_furnace":24,"minecraft:sleep_in_bed":10,"minecraft:time_since_rest":71006,"minecraft:damage_taken":4153,"minecraft:damage_dealt":1158,"minecraft:swim_one_cm":11534,"minecraft:player_kills":1,"minecraft:fly_one_cm":630749,"minecraft:open_chest":79,"minecraft:crouch_one_cm":159855,"minecraft:fall_one_cm":155206},"minecraft:used":{"minecraft:stone_sword":8,"minecraft:stone_shovel":199,"minecraft:diamond_hoe":325,"minecraft:chest":3,"minecraft:iron_sword":20,"minecraft:stone_hoe":54,"simpletomb:grave_key":6,"minecraft:torch":88,"minecraft:dirt":29,"sanitydim:garland":2,"minecraft:carrot":44,"minecraft:deepslate_brick_slab":1,"minecraft:snowball":32,"minecraft:oak_stairs":24,"minecraft:iron_helmet":2,"minecraft:iron_boots":1,"minecraft:bow":20,"minecraft:furnace":4,"minecraft:deepslate_tile_stairs":1,"minecraft:egg":1,"minecraft:cobbled_deepslate":2,"minecraft:iron_leggings":1,"minecraft:cooked_mutton":1,"minecraft:diorite":10,"minecraft:cobblestone_stairs":73,"minecraft:baked_potato":3,"minecraft:stone_pickaxe":656,"minecraft:oak_planks":6,"minecraft:wooden_pickaxe":7,"minecraft:crafting_table":9,"minecraft:blast_furnace":1,"minecraft:campfire":1,"minecraft:shears":342,"minecraft:bread":46,"minecraft:iron_pickaxe":462,"minecraft:stone_axe":78,"minecraft:pink_petals":1,"minecraft:fishing_rod":24,"minecraft:cobblestone":90,"minecraft:andesite":1,"minecraft:yellow_bed":4,"minecraft:gray_wool":271,"minecraft:bone_meal":6,"minecraft:soul_torch":27},"minecraft:dropped":{"minecraft:stone_hoe":1,"minecraft:oak_log":4,"minecraft:diamond_leggings":3,"minecraft:cobblestone":416,"man:cassette_1safetyinstructions":1,"minecraft:granite":28,"minecraft:coal":10,"minecraft:cobblestone_stairs":28,"minecraft:dirt":61,"minecraft:gray_wool":56,"minecraft:diorite":105,"minecraft:sand":1,"minecraft:iron_pickaxe":1,"minecraft:pink_petals":1,"minecraft:bone":9,"minecraft:gravel":54,"minecraft:stone_axe":1,"minecraft:cobbled_deepslate":16,"minecraft:raw_copper":100,"minecraft:rotten_flesh":2,"minecraft:oak_planks":2,"minecraft:carrot":4,"minecraft:potato":1,"minecraft:andesite":29,"sanitydim:garland":1},"minecraft:killed_by":{"man:managgresive":2,"sanitydim:sneaking_terror":1,"cave_dweller:cave_dweller":2},"minecraft:broken":{"minecraft:shears":1,"sanitydim:garland":2,"minecraft:stone_pickaxe":5,"minecraft:iron_pickaxe":1,"minecraft:stone_shovel":1}},"DataVersion":3465}