{"stats":{"minecraft:picked_up":{"minecraft:chiseled_deepslate":1,"minecraft:crafting_table":3,"minecraft:wheat":14,"minecraft:azure_bluet":5,"minecraft:chicken":1,"minecraft:oak_stairs":1,"minecraft:cornflower":2,"minecraft:string":7,"minecraft:raw_copper":105,"minecraft:beetroot":1,"minecraft:deepslate_tiles":1,"minecraft:diamond_leggings":1,"minecraft:cobbled_deepslate":205,"minecraft:smooth_stone":6,"minecraft:beef":6,"minecraft:echo_shard":1,"minecraft:poppy":6,"minecraft:iron_pickaxe":1,"minecraft:sugar_cane":3,"minecraft:chest":2,"minecraft:diamond_hoe":1,"minecraft:furnace":3,"minecraft:egg":5,"minecraft:raw_iron":105,"minecraft:oak_door":5,"minecraft:oak_fence":4,"minecraft:torch":14,"minecraft:acacia_log":2,"minecraft:target":1,"minecraft:cherry_log":60,"minecraft:diorite":121,"minecraft:carrot":99,"minecraft:redstone":2,"minecraft:deepslate_tile_stairs":1,"minecraft:arrow":5,"minecraft:rotten_flesh":17,"minecraft:beetroot_seeds":4,"minecraft:hay_block":25,"minecraft:bookshelf":5,"minecraft:obsidian":14,"minecraft:mutton":1,"minecraft:cobblestone":856,"minecraft:snowball":48,"minecraft:white_wool":4,"minecraft:oxeye_daisy":2,"minecraft:cracked_deepslate_tiles":2,"minecraft:enchanting_table":1,"minecraft:pink_petals":26,"minecraft:feather":10,"minecraft:cooked_beef":5,"minecraft:cherry_planks":6,"minecraft:andesite":30,"minecraft:leather":12,"minecraft:potato":44,"minecraft:flint":13,"minecraft:tuff":34,"minecraft:oak_log":46,"minecraft:yellow_bed":6,"minecraft:cobblestone_stairs":30,"sanitydim:garland":1,"minecraft:lapis_lazuli":20,"minecraft:dirt":156,"minecraft:white_banner":1,"minecraft:cooked_mutton":1,"minecraft:bone":13,"minecraft:gray_carpet":6,"minecraft:bow":1,"minecraft:wheat_seeds":37,"minecraft:deepslate_brick_slab":1,"minecraft:raw_gold":18,"minecraft:iron_ingot":16,"minecraft:stripped_oak_wood":1,"minecraft:gray_bed":1,"minecraft:oak_planks":17,"minecraft:book":15,"minecraft:oak_slab":9,"minecraft:dandelion":21,"minecraft:oak_pressure_plate":1,"minecraft:gravel":100,"minecraft:sand":1,"minecraft:amethyst_shard":8,"minecraft:blast_furnace":2,"minecraft:white_bed":2,"minecraft:spider_eye":1,"minecraft:diamond":11,"minecraft:stone_axe":1,"minecraft:granite":28,"minecraft:gray_wool":482,"minecraft:golden_horse_armor":1,"minecraft:emerald":6,"minecraft:baked_potato":21,"minecraft:black_wool":1,"minecraft:coal":125},"minecraft:mined":{"minecraft:deepslate_tiles":1,"minecraft:tuff":35,"minecraft:white_bed":2,"minecraft:deepslate_diamond_ore":10,"minecraft:cherry_log":62,"minecraft:cobblestone_stairs":2,"minecraft:sculk_vein":200,"minecraft:obsidian":15,"minecraft:granite":28,"minecraft:grass_block":19,"minecraft:redstone_wire":2,"minecraft:deepslate_tile_stairs":1,"minecraft:oxeye_daisy":2,"minecraft:hay_block":18,"minecraft:smooth_stone":3,"minecraft:deepslate_brick_slab":1,"minecraft:sculk_catalyst":10,"minecraft:furnace":3,"minecraft:carrots":26,"minecraft:iron_ore":89,"minecraft:cobbled_deepslate":3,"minecraft:target":1,"minecraft:andesite":32,"minecraft:azure_bluet":5,"minecraft:enchanting_table":1,"minecraft:sculk_shrieker":50,"minecraft:bookshelf":1,"minecraft:potatoes":11,"minecraft:deepslate_iron_ore":15,"minecraft:dirt_path":4,"minecraft:oak_stairs":1,"minecraft:deepslate_brick_stairs":1,"minecraft:stone":831,"minecraft:snow_block":13,"minecraft:amethyst_cluster":2,"minecraft:dandelion":23,"minecraft:oak_fence":4,"minecraft:crafting_table":3,"minecraft:cornflower":2,"minecraft:torch":4,"minecraft:blast_furnace":2,"minecraft:poppy":7,"minecraft:sculk_sensor":83,"minecraft:copper_ore":17,"minecraft:cobblestone":12,"minecraft:deepslate_gold_ore":15,"minecraft:lapis_ore":3,"minecraft:sugar_cane":3,"minecraft:oak_planks":6,"minecraft:sculk":1988,"minecraft:diorite":114,"minecraft:wall_torch":3,"minecraft:pink_petals":3,"minecraft:gray_wool":488,"minecraft:wheat":14,"minecraft:gray_bed":1,"minecraft:stripped_oak_wood":1,"minecraft:yellow_bed":6,"minecraft:cracked_deepslate_tiles":2,"minecraft:grass":42,"minecraft:oak_log":46,"minecraft:coal_ore":69,"minecraft:beetroots":1,"minecraft:gravel":114,"minecraft:sand":1,"minecraft:dirt":125,"minecraft:gray_carpet":4,"minecraft:gold_ore":3,"minecraft:deepslate":194},"minecraft:killed":{"minecraft:spider":6,"minecraft:skeleton":11,"minecraft:chicken":1,"minecraft:sheep":1,"minecraft:pillager":2,"minecraft:zombie":16,"minecraft:cow":5},"minecraft:crafted":{"minecraft:cherry_planks":186,"minecraft:oak_planks":112,"minecraft:stone_shovel":2,"minecraft:fishing_rod":2,"minecraft:spyglass":1,"minecraft:furnace":3,"minecraft:blast_furnace":1,"minecraft:cobblestone_stairs":100,"minecraft:stone":3,"minecraft:bone_meal":24,"sanitydim:garland":7,"minecraft:bookshelf":18,"minecraft:white_carpet":3,"minecraft:bow":1,"minecraft:iron_boots":1,"minecraft:iron_axe":1,"minecraft:stone_pickaxe":6,"minecraft:chest":1,"minecraft:stone_hoe":1,"minecraft:gray_bed":2,"minecraft:golden_boots":1,"minecraft:wheat":144,"minecraft:diamond_sword":1,"minecraft:arrow":36,"minecraft:crafting_table":6,"minecraft:enchanting_table":1,"minecraft:iron_helmet":1,"minecraft:wooden_pickaxe":1,"minecraft:iron_sword":1,"minecraft:copper_ingot":3,"minecraft:bucket":1,"minecraft:campfire":1,"minecraft:stone_axe":1,"minecraft:bread":49,"minecraft:air":0,"minecraft:book":7,"minecraft:paper":21,"minecraft:iron_chestplate":1,"minecraft:diamond_pickaxe":1,"minecraft:shield":1,"minecraft:stick":128,"minecraft:iron_block":4,"minecraft:iron_ingot":87,"minecraft:iron_pickaxe":5,"minecraft:oak_stairs":24,"minecraft:iron_shovel":1,"minecraft:stone_sword":1,"minecraft:gold_ingot":18,"minecraft:iron_leggings":1,"minecraft:anvil":1,"minecraft:torch":260,"minecraft:shears":3},"minecraft:custom":{"minecraft:interact_with_anvil":9,"minecraft:mob_kills":42,"minecraft:animals_bred":5,"minecraft:interact_with_crafting_table":93,"minecraft:open_barrel":23,"minecraft:interact_with_campfire":32,"minecraft:leave_game":5,"minecraft:time_since_death":1693,"minecraft:climb_one_cm":6296,"minecraft:sprint_one_cm":937536,"minecraft:walk_one_cm":652067,"minecraft:damage_blocked_by_shield":720,"minecraft:drop":105,"minecraft:play_time":361285,"minecraft:deaths":11,"minecraft:sneak_time":63665,"minecraft:walk_under_water_one_cm":2358,"minecraft:jump":7368,"minecraft:interact_with_blast_furnace":8,"minecraft:walk_on_water_one_cm":17708,"minecraft:total_world_time":361285,"minecraft:interact_with_furnace":42,"minecraft:interact_with_cartography_table":1,"minecraft:sleep_in_bed":16,"minecraft:time_since_rest":1722,"minecraft:damage_taken":7065,"minecraft:damage_dealt":7864,"minecraft:swim_one_cm":13743,"minecraft:player_kills":1,"minecraft:fly_one_cm":1214098,"minecraft:open_chest":169,"minecraft:crouch_one_cm":213274,"minecraft:fall_one_cm":255382},"minecraft:used":{"minecraft:enchanting_table":2,"minecraft:stone_sword":8,"minecraft:iron_shovel":4,"minecraft:stone_shovel":251,"minecraft:diamond_hoe":2278,"minecraft:shield":21,"minecraft:chest":3,"minecraft:iron_sword":136,"minecraft:sculk":6,"minecraft:stone_hoe":54,"simpletomb:grave_key":11,"minecraft:anvil":1,"minecraft:torch":240,"minecraft:target":1,"minecraft:spyglass":43,"minecraft:dirt":31,"sanitydim:garland":4,"minecraft:carrot":98,"minecraft:deepslate_brick_slab":1,"minecraft:snowball":34,"minecraft:bookshelf":18,"minecraft:iron_axe":77,"minecraft:oak_stairs":24,"minecraft:iron_helmet":2,"minecraft:iron_boots":1,"minecraft:bow":39,"minecraft:furnace":4,"minecraft:deepslate_tile_stairs":1,"minecraft:gray_bed":2,"minecraft:egg":3,"minecraft:cooked_beef":5,"minecraft:potato":13,"minecraft:cobbled_deepslate":29,"minecraft:iron_leggings":1,"minecraft:wheat_seeds":13,"minecraft:cooked_mutton":1,"minecraft:water_bucket":1,"minecraft:diorite":10,"minecraft:cobblestone_stairs":73,"minecraft:gray_carpet":4,"minecraft:baked_potato":21,"minecraft:stone_pickaxe":656,"minecraft:oak_planks":6,"minecraft:wooden_pickaxe":7,"minecraft:sugar_cane":2,"minecraft:crafting_table":9,"minecraft:blast_furnace":2,"minecraft:white_bed":2,"minecraft:campfire":1,"minecraft:shears":488,"minecraft:diamond_pickaxe":17,"minecraft:bread":49,"minecraft:iron_pickaxe":826,"minecraft:stone_axe":78,"minecraft:pink_petals":1,"minecraft:fishing_rod":32,"minecraft:cobblestone":90,"minecraft:bucket":2,"minecraft:andesite":1,"minecraft:yellow_bed":4,"minecraft:diamond_leggings":1,"minecraft:gray_wool":385,"minecraft:bone_meal":25,"minecraft:experience_bottle":4,"minecraft:soul_torch":37},"minecraft:dropped":{"minecraft:stone_hoe":1,"minecraft:iron_ingot":13,"minecraft:wheat_seeds":3,"minecraft:cherry_log":5,"minecraft:oak_log":4,"minecraft:diamond_leggings":4,"minecraft:cobblestone":480,"man:cassette_1safetyinstructions":1,"minecraft:granite":28,"minecraft:coal":11,"minecraft:cobblestone_stairs":28,"minecraft:dirt":74,"minecraft:gray_wool":56,"minecraft:diorite":105,"minecraft:gray_bed":1,"minecraft:cracked_deepslate_tiles":2,"minecraft:cherry_planks":7,"minecraft:white_banner":1,"minecraft:sand":1,"minecraft:iron_pickaxe":1,"minecraft:string":1,"minecraft:pink_petals":20,"minecraft:gray_carpet":2,"minecraft:redstone":2,"minecraft:bone":9,"minecraft:gravel":100,"minecraft:stone_axe":1,"minecraft:cobbled_deepslate":73,"minecraft:raw_copper":100,"minecraft:tuff":34,"minecraft:diamond_hoe":1,"minecraft:rotten_flesh":16,"minecraft:oak_planks":3,"minecraft:carrot":16,"minecraft:echo_shard":1,"minecraft:potato":1,"minecraft:deepslate_tiles":1,"minecraft:andesite":29,"sanitydim:garland":3,"minecraft:spider_eye":1,"minecraft:bow":1},"minecraft:killed_by":{"sanitydim:rotting_stalker":1,"man:managgresive":2,"sanitydim:sneaking_terror":1,"minecraft:warden":1,"cave_dweller:cave_dweller":3},"minecraft:broken":{"minecraft:shears":1,"sanitydim:garland":5,"minecraft:stone_pickaxe":5,"minecraft:iron_pickaxe":2,"minecraft:fishing_rod":1,"minecraft:stone_shovel":1}},"DataVersion":3465}