{"stats":{"minecraft:killed_by":{"man:managgresive":1,"minecraft:creeper":2},"minecraft:picked_up":{"minecraft:charcoal":10,"minecraft:stick":8,"minecraft:crafting_table":6,"minecraft:andesite":10,"minecraft:torch":12,"minecraft:wooden_pickaxe":1,"minecraft:gravel":4,"minecraft:oak_log":55,"minecraft:arrow":8,"minecraft:dirt":112,"minecraft:raw_copper":10,"man:cassette_1safetyinstructions":1,"minecraft:stone_sword":2,"minecraft:bone":6,"minecraft:stone_shovel":1,"minecraft:apple":1,"minecraft:wheat_seeds":4,"minecraft:stone_axe":2,"minecraft:stone_pickaxe":3,"minecraft:oak_sapling":6,"minecraft:coal":23,"minecraft:oak_planks":72,"minecraft:cobblestone":285,"minecraft:furnace":2},"minecraft:crafted":{"minecraft:oak_door":3,"minecraft:oak_planks":56,"minecraft:stone_shovel":1,"minecraft:charcoal":5,"minecraft:crafting_table":1,"minecraft:stick":36,"minecraft:wooden_pickaxe":1,"minecraft:stone_pickaxe":3,"minecraft:stone_sword":1,"minecraft:chest":2,"minecraft:furnace":1,"minecraft:torch":28,"minecraft:stone_axe":2,"minecraft:air":0},"minecraft:broken":{"minecraft:stone_pickaxe":1},"minecraft:custom":{"minecraft:time_since_rest":5431,"minecraft:interact_with_furnace":9,"minecraft:sprint_one_cm":46983,"minecraft:damage_taken":1330,"minecraft:walk_one_cm":47460,"minecraft:mob_kills":2,"minecraft:drop":2,"minecraft:damage_dealt":320,"minecraft:crouch_one_cm":3,"minecraft:interact_with_crafting_table":20,"minecraft:fly_one_cm":35624,"minecraft:open_chest":14,"minecraft:play_time":30872,"minecraft:deaths":4,"minecraft:sneak_time":219,"minecraft:jump":292,"minecraft:leave_game":1,"minecraft:time_since_death":5402,"minecraft:total_world_time":30872,"minecraft:fall_one_cm":5253},"minecraft:dropped":{"minecraft:oak_planks":10,"minecraft:stone_pickaxe":1},"minecraft:mined":{"minecraft:furnace":2,"minecraft:andesite":5,"minecraft:grass":23,"minecraft:crafting_table":1,"minecraft:grass_block":12,"minecraft:coal_ore":3,"minecraft:oak_log":40,"minecraft:gravel":2,"minecraft:dirt":22,"minecraft:cobblestone":2,"minecraft:copper_ore":2,"minecraft:stone":162,"minecraft:wall_torch":3,"minecraft:oak_leaves":5},"minecraft:killed":{"minecraft:skeleton":2},"minecraft:used":{"minecraft:stone_sword":7,"minecraft:apple":1,"minecraft:stone_shovel":18,"minecraft:stone_pickaxe":151,"minecraft:chest":2,"minecraft:wooden_pickaxe":35,"minecraft:oak_door":1,"minecraft:stone_axe":39,"minecraft:torch":32,"minecraft:dirt":21,"minecraft:cobblestone":29,"minecraft:crafting_table":4,"minecraft:furnace":3}},"DataVersion":3465}