{"stats":{"minecraft:killed_by":{"man:managgresive":1,"minecraft:creeper":2},"minecraft:picked_up":{"minecraft:charcoal":10,"minecraft:crafting_table":6,"minecraft:wheat":6,"minecraft:andesite":10,"minecraft:wooden_pickaxe":1,"minecraft:oak_log":55,"minecraft:string":2,"minecraft:dirt":133,"man:cassette_1safetyinstructions":1,"minecraft:raw_copper":10,"minecraft:bone":8,"minecraft:apple":1,"minecraft:wheat_seeds":25,"minecraft:stone_pickaxe":3,"minecraft:oak_planks":72,"minecraft:furnace":2,"minecraft:stick":8,"minecraft:oak_door":2,"minecraft:torch":15,"minecraft:gravel":4,"minecraft:spider_eye":1,"minecraft:stone_sword":2,"minecraft:arrow":10,"minecraft:stone_shovel":1,"minecraft:stone_axe":2,"minecraft:oak_sapling":6,"minecraft:coal":29,"minecraft:cobblestone":302},"minecraft:crafted":{"minecraft:oak_door":3,"minecraft:oak_planks":56,"minecraft:stone_shovel":1,"minecraft:crafting_table":1,"minecraft:wooden_pickaxe":1,"minecraft:furnace":1,"minecraft:copper_ingot":33,"minecraft:bone_meal":15,"minecraft:stone_axe":2,"minecraft:bread":2,"minecraft:air":0,"minecraft:charcoal":5,"minecraft:stick":40,"minecraft:stone_pickaxe":3,"minecraft:stone_sword":1,"minecraft:chest":2,"minecraft:torch":52,"minecraft:stone_hoe":1},"minecraft:broken":{"minecraft:stone_pickaxe":1},"minecraft:custom":{"minecraft:interact_with_furnace":13,"minecraft:mob_kills":6,"minecraft:interact_with_crafting_table":26,"minecraft:leave_game":1,"minecraft:time_since_death":17402,"minecraft:time_since_rest":17431,"minecraft:sprint_one_cm":49897,"minecraft:damage_taken":1460,"minecraft:walk_one_cm":106156,"minecraft:drop":2,"minecraft:damage_dealt":908,"minecraft:fly_one_cm":39812,"minecraft:open_chest":32,"minecraft:crouch_one_cm":2674,"minecraft:play_time":42872,"minecraft:deaths":4,"minecraft:sneak_time":1018,"minecraft:jump":438,"minecraft:total_world_time":42872,"minecraft:fall_one_cm":6776},"minecraft:dropped":{"minecraft:oak_planks":10,"minecraft:stone_pickaxe":1},"minecraft:killed":{"minecraft:spider":3,"minecraft:skeleton":2,"minecraft:zombie":1},"minecraft:mined":{"minecraft:oak_door":1,"minecraft:crafting_table":1,"minecraft:torch":1,"minecraft:grass_block":32,"minecraft:copper_ore":2,"minecraft:cobblestone":6,"minecraft:wall_torch":4,"minecraft:furnace":2,"minecraft:wheat":6,"minecraft:andesite":5,"minecraft:grass":53,"minecraft:oak_log":40,"minecraft:coal_ore":9,"minecraft:gravel":2,"minecraft:dirt":23,"minecraft:stone":176,"minecraft:oak_leaves":5},"minecraft:used":{"minecraft:wheat_seeds":16,"minecraft:stone_sword":25,"minecraft:stone_shovel":39,"minecraft:stone_pickaxe":175,"minecraft:chest":2,"minecraft:wooden_pickaxe":35,"minecraft:stone_hoe":11,"minecraft:rotten_flesh":4,"minecraft:oak_door":3,"minecraft:torch":58,"minecraft:dirt":57,"minecraft:crafting_table":4,"minecraft:apple":1,"minecraft:bread":2,"minecraft:stone_axe":40,"minecraft:cobblestone":44,"minecraft:furnace":3,"minecraft:bone_meal":15}},"DataVersion":3465}