{"stats":{"minecraft:killed_by":{"minecraft:player":1,"minecraft:creeper":2,"minecraft:spider":2,"endofherobrine:sheep":1,"sanitydim:rotting_stalker":2,"man:managgresive":1,"minecraft:skeleton":1,"minecraft:zombie":2},"minecraft:dropped":{"minecraft:stone_hoe":2,"minecraft:iron_ingot":2,"minecraft:dirt":2,"minecraft:diorite":4,"minecraft:stone_axe":2,"minecraft:stone_sword":3,"minecraft:stone_shovel":2,"minecraft:oak_planks":10,"minecraft:stone_pickaxe":2},"minecraft:used":{"minecraft:oak_fence":6,"minecraft:stone_sword":163,"minecraft:stone_shovel":118,"minecraft:chest":2,"minecraft:shield":12,"minecraft:stone_hoe":20,"minecraft:cooked_chicken":5,"minecraft:rotten_flesh":15,"minecraft:oak_door":3,"minecraft:torch":199,"minecraft:dirt":78,"minecraft:bow":20,"minecraft:furnace":3,"minecraft:oak_sapling":5,"minecraft:wheat_seeds":86,"minecraft:cooked_mutton":7,"minecraft:diorite":12,"minecraft:cobblestone_stairs":123,"minecraft:stone_pickaxe":962,"minecraft:wooden_pickaxe":35,"minecraft:composter":1,"minecraft:white_wool":1,"minecraft:crafting_table":6,"minecraft:white_bed":2,"minecraft:apple":1,"minecraft:bread":8,"minecraft:gravel":2,"minecraft:stone_axe":134,"minecraft:cobblestone":147,"minecraft:cooked_porkchop":2,"minecraft:bone_meal":44,"minecraft:golden_pickaxe":32},"minecraft:crafted":{"minecraft:oak_door":3,"minecraft:oak_planks":100,"minecraft:stone_shovel":1,"minecraft:cooked_chicken":5,"minecraft:furnace":1,"minecraft:cobblestone_stairs":136,"minecraft:bone_meal":42,"minecraft:cooked_mutton":8,"minecraft:oak_trapdoor":2,"minecraft:flint_and_steel":1,"minecraft:glass":4,"minecraft:bow":2,"minecraft:stone_pickaxe":11,"minecraft:chest":2,"minecraft:stone_hoe":1,"minecraft:oak_slab":12,"minecraft:cooked_porkchop":1,"minecraft:crafting_table":2,"minecraft:wooden_pickaxe":1,"minecraft:copper_ingot":33,"minecraft:stone_axe":4,"minecraft:bread":8,"minecraft:air":0,"minecraft:charcoal":5,"minecraft:shield":1,"minecraft:stick":96,"minecraft:iron_ingot":16,"minecraft:iron_pickaxe":1,"minecraft:stone_sword":2,"minecraft:white_bed":1,"minecraft:composter":1,"minecraft:torch":184},"minecraft:broken":{"minecraft:stone_pickaxe":6,"minecraft:golden_pickaxe":1},"minecraft:killed":{"minecraft:spider":8,"minecraft:skeleton":6,"minecraft:chicken":7,"minecraft:pig":2,"endofherobrine:villager":1,"minecraft:creeper":3,"minecraft:sheep":5,"minecraft:zombie":4,"endofherobrine:sheep":10,"endofherobrine:pigman":1},"minecraft:custom":{"minecraft:mob_kills":49,"minecraft:interact_with_crafting_table":57,"minecraft:open_barrel":10,"minecraft:leave_game":2,"minecraft:time_since_death":24418,"minecraft:sprint_one_cm":537389,"minecraft:walk_one_cm":413049,"minecraft:damage_blocked_by_shield":405,"minecraft:drop":20,"minecraft:play_time":174290,"minecraft:deaths":13,"minecraft:sneak_time":3548,"minecraft:walk_under_water_one_cm":4073,"minecraft:jump":2345,"minecraft:walk_on_water_one_cm":3393,"minecraft:total_world_time":174290,"minecraft:interact_with_furnace":42,"minecraft:sleep_in_bed":4,"minecraft:time_since_rest":24443,"minecraft:damage_taken":5022,"minecraft:damage_dealt":8303,"minecraft:swim_one_cm":14924,"minecraft:fly_one_cm":451676,"minecraft:open_chest":102,"minecraft:crouch_one_cm":8582,"minecraft:fall_one_cm":42134},"minecraft:picked_up":{"minecraft:charcoal":10,"minecraft:crafting_table":8,"minecraft:wheat":31,"minecraft:chicken":6,"minecraft:wooden_pickaxe":1,"minecraft:shield":2,"minecraft:string":8,"minecraft:raw_copper":10,"minecraft:flint_and_steel":2,"minecraft:cobbled_deepslate":24,"minecraft:iron_pickaxe":2,"minecraft:egg":12,"minecraft:furnace":2,"minecraft:stick":57,"minecraft:raw_iron":19,"minecraft:oak_door":2,"minecraft:oak_fence":13,"minecraft:torch":85,"minecraft:porkchop":4,"minecraft:diorite":91,"minecraft:rotten_flesh":9,"minecraft:stone_sword":13,"minecraft:arrow":248,"minecraft:stone_shovel":7,"minecraft:mutton":9,"minecraft:white_wool":10,"minecraft:cobblestone":1384,"minecraft:feather":4,"minecraft:andesite":66,"minecraft:flint":2,"minecraft:oak_log":129,"minecraft:cobblestone_stairs":150,"minecraft:gunpowder":3,"minecraft:dirt":581,"man:cassette_1safetyinstructions":1,"minecraft:cooked_mutton":1,"minecraft:bone":9,"minecraft:apple":3,"minecraft:bow":4,"minecraft:wheat_seeds":99,"minecraft:stone_pickaxe":14,"minecraft:iron_ingot":23,"minecraft:oak_planks":151,"minecraft:stone_hoe":10,"minecraft:cooked_porkchop":1,"minecraft:gravel":17,"minecraft:white_bed":1,"minecraft:spider_eye":3,"minecraft:stone_axe":14,"minecraft:bone_meal":11,"minecraft:gray_wool":2,"minecraft:bread":1,"minecraft:oak_sapling":11,"minecraft:coal":99},"minecraft:mined":{"minecraft:white_bed":1,"minecraft:farmland":2,"minecraft:oak_door":1,"minecraft:cobblestone_stairs":14,"minecraft:grass_block":60,"minecraft:furnace":2,"minecraft:iron_ore":16,"minecraft:andesite":61,"minecraft:deepslate_iron_ore":3,"minecraft:stone":755,"minecraft:white_wool":1,"minecraft:oak_fence":10,"minecraft:crafting_table":1,"minecraft:torch":8,"minecraft:tall_grass":2,"minecraft:copper_ore":2,"minecraft:cobblestone":12,"minecraft:oak_planks":12,"minecraft:diorite":90,"minecraft:wall_torch":18,"minecraft:wheat":25,"minecraft:grass":167,"minecraft:oak_log":70,"minecraft:coal_ore":46,"minecraft:gravel":12,"minecraft:dirt":88,"minecraft:cobweb":2,"minecraft:oak_leaves":5,"minecraft:deepslate":17}},"DataVersion":3465}