{"stats":{"minecraft:dropped":{"minecraft:oak_log":4,"minecraft:cobblestone":416,"man:cassette_1safetyinstructions":1,"minecraft:granite":28,"minecraft:coal":10,"minecraft:cobblestone_stairs":28,"minecraft:dirt":61,"minecraft:gray_wool":52,"minecraft:diorite":105,"minecraft:sand":1,"minecraft:iron_pickaxe":1,"minecraft:pink_petals":1,"minecraft:bone":9,"minecraft:gravel":54,"minecraft:stone_axe":1,"minecraft:cobbled_deepslate":16,"minecraft:raw_copper":100,"minecraft:oak_planks":2,"minecraft:carrot":4,"minecraft:potato":1,"minecraft:andesite":29,"sanitydim:garland":1},"minecraft:killed_by":{"man:managgresive":2,"sanitydim:sneaking_terror":1,"cave_dweller:cave_dweller":2},"minecraft:crafted":{"minecraft:cherry_planks":44,"minecraft:oak_planks":100,"minecraft:stone_shovel":2,"minecraft:fishing_rod":1,"minecraft:furnace":3,"minecraft:blast_furnace":1,"minecraft:cobblestone_stairs":100,"minecraft:stone":3,"minecraft:bone_meal":6,"sanitydim:garland":2,"minecraft:white_carpet":3,"minecraft:bow":1,"minecraft:iron_boots":1,"minecraft:stone_pickaxe":6,"minecraft:chest":1,"minecraft:stone_hoe":1,"minecraft:wheat":144,"minecraft:arrow":20,"minecraft:crafting_table":4,"minecraft:wooden_pickaxe":1,"minecraft:iron_helmet":1,"minecraft:iron_sword":1,"minecraft:campfire":1,"minecraft:stone_axe":1,"minecraft:bread":48,"minecraft:air":0,"minecraft:iron_chestplate":1,"minecraft:shield":1,"minecraft:stick":68,"minecraft:iron_ingot":51,"minecraft:iron_pickaxe":4,"minecraft:oak_stairs":24,"minecraft:stone_sword":1,"minecraft:iron_leggings":1,"minecraft:torch":84,"minecraft:shears":1},"minecraft:killed":{"minecraft:spider":2,"minecraft:skeleton":1,"minecraft:sheep":1,"minecraft:zombie":1},"minecraft:used":{"minecraft:stone_sword":8,"minecraft:stone_shovel":199,"minecraft:chest":3,"minecraft:iron_sword":17,"minecraft:stone_hoe":19,"simpletomb:grave_key":6,"minecraft:torch":88,"minecraft:dirt":27,"minecraft:carrot":44,"minecraft:snowball":27,"minecraft:oak_stairs":24,"minecraft:iron_helmet":1,"minecraft:iron_boots":1,"minecraft:furnace":4,"minecraft:egg":1,"minecraft:cobbled_deepslate":2,"minecraft:iron_leggings":1,"minecraft:cooked_mutton":1,"minecraft:diorite":10,"minecraft:cobblestone_stairs":73,"minecraft:baked_potato":2,"minecraft:stone_pickaxe":656,"minecraft:oak_planks":6,"minecraft:wooden_pickaxe":7,"minecraft:crafting_table":7,"minecraft:blast_furnace":1,"minecraft:campfire":1,"minecraft:shears":142,"minecraft:bread":11,"minecraft:iron_pickaxe":453,"minecraft:stone_axe":78,"minecraft:pink_petals":1,"minecraft:fishing_rod":1,"minecraft:cobblestone":90,"minecraft:andesite":1,"minecraft:yellow_bed":3,"minecraft:gray_wool":83,"minecraft:bone_meal":6,"minecraft:soul_torch":6},"minecraft:picked_up":{"minecraft:chiseled_deepslate":1,"minecraft:crafting_table":3,"minecraft:wheat":3,"minecraft:azure_bluet":4,"minecraft:oak_stairs":1,"minecraft:cornflower":2,"minecraft:string":6,"minecraft:raw_copper":100,"minecraft:beetroot":1,"minecraft:cobbled_deepslate":47,"minecraft:smooth_stone":6,"minecraft:poppy":4,"minecraft:iron_pickaxe":1,"minecraft:chest":2,"minecraft:egg":1,"minecraft:furnace":3,"minecraft:raw_iron":77,"minecraft:oak_door":5,"minecraft:oak_fence":4,"minecraft:torch":8,"minecraft:acacia_log":2,"minecraft:cherry_log":21,"minecraft:diorite":118,"minecraft:carrot":39,"minecraft:rotten_flesh":1,"minecraft:beetroot_seeds":4,"minecraft:hay_block":25,"minecraft:mutton":1,"minecraft:cobblestone":743,"minecraft:snowball":48,"minecraft:white_wool":3,"minecraft:oxeye_daisy":2,"minecraft:pink_petals":7,"minecraft:feather":10,"minecraft:andesite":30,"minecraft:leather":4,"minecraft:potato":10,"minecraft:flint":7,"minecraft:oak_log":46,"minecraft:yellow_bed":5,"minecraft:cobblestone_stairs":30,"minecraft:lapis_lazuli":20,"minecraft:dirt":139,"minecraft:cooked_mutton":1,"minecraft:bone":2,"minecraft:wheat_seeds":12,"minecraft:iron_ingot":16,"minecraft:stripped_oak_wood":1,"minecraft:oak_planks":16,"minecraft:oak_slab":9,"minecraft:dandelion":16,"minecraft:oak_pressure_plate":1,"minecraft:gravel":54,"minecraft:sand":1,"minecraft:blast_furnace":1,"minecraft:stone_axe":1,"minecraft:granite":28,"minecraft:gray_wool":142,"minecraft:golden_horse_armor":1,"minecraft:emerald":6,"minecraft:baked_potato":3,"minecraft:black_wool":1,"minecraft:coal":120},"minecraft:mined":{"minecraft:tuff":1,"minecraft:cherry_log":21,"minecraft:cobblestone_stairs":2,"minecraft:granite":28,"minecraft:grass_block":17,"minecraft:oxeye_daisy":2,"minecraft:hay_block":18,"minecraft:smooth_stone":3,"minecraft:furnace":3,"minecraft:carrots":10,"minecraft:iron_ore":70,"minecraft:andesite":32,"minecraft:azure_bluet":5,"minecraft:sculk_shrieker":5,"minecraft:potatoes":2,"minecraft:deepslate_iron_ore":6,"minecraft:dirt_path":3,"minecraft:oak_stairs":1,"minecraft:stone":718,"minecraft:snow_block":13,"minecraft:dandelion":17,"minecraft:cornflower":2,"minecraft:oak_fence":4,"minecraft:crafting_table":3,"minecraft:blast_furnace":1,"minecraft:poppy":5,"minecraft:sculk_sensor":9,"minecraft:copper_ore":16,"minecraft:cobblestone":12,"minecraft:lapis_ore":3,"minecraft:sculk":5,"minecraft:diorite":111,"minecraft:wall_torch":3,"minecraft:pink_petals":2,"minecraft:gray_wool":142,"minecraft:wheat":3,"minecraft:stripped_oak_wood":1,"minecraft:yellow_bed":5,"minecraft:grass":17,"minecraft:oak_log":46,"minecraft:coal_ore":66,"minecraft:beetroots":1,"minecraft:gravel":62,"minecraft:sand":1,"minecraft:dirt":116,"minecraft:deepslate":42},"minecraft:custom":{"minecraft:mob_kills":5,"minecraft:interact_with_crafting_table":48,"minecraft:interact_with_campfire":4,"minecraft:leave_game":3,"minecraft:time_since_death":7393,"minecraft:climb_one_cm":508,"minecraft:sprint_one_cm":287193,"minecraft:walk_one_cm":228852,"minecraft:drop":52,"minecraft:play_time":138023,"minecraft:deaths":6,"minecraft:sneak_time":21628,"minecraft:walk_under_water_one_cm":247,"minecraft:jump":2017,"minecraft:interact_with_blast_furnace":3,"minecraft:walk_on_water_one_cm":2542,"minecraft:total_world_time":138023,"minecraft:interact_with_furnace":24,"minecraft:sleep_in_bed":10,"minecraft:time_since_rest":7417,"minecraft:damage_taken":2571,"minecraft:damage_dealt":1005,"minecraft:swim_one_cm":251,"minecraft:fly_one_cm":355162,"minecraft:open_chest":42,"minecraft:crouch_one_cm":95079,"minecraft:fall_one_cm":69749},"minecraft:broken":{"sanitydim:garland":1,"minecraft:stone_pickaxe":5,"minecraft:iron_pickaxe":1,"minecraft:stone_shovel":1}},"DataVersion":3465}