{"stats":{"minecraft:killed_by":{"man:managgresive":1,"minecraft:creeper":2,"sanitydim:rotting_stalker":1},"minecraft:picked_up":{"minecraft:charcoal":10,"minecraft:crafting_table":7,"minecraft:wheat":13,"minecraft:andesite":10,"minecraft:wooden_pickaxe":1,"minecraft:oak_log":64,"minecraft:gunpowder":2,"minecraft:string":2,"minecraft:dirt":229,"man:cassette_1safetyinstructions":1,"minecraft:raw_copper":10,"minecraft:bone":8,"minecraft:apple":1,"minecraft:wheat_seeds":45,"minecraft:stone_pickaxe":4,"minecraft:stone_hoe":1,"minecraft:oak_planks":83,"minecraft:furnace":2,"minecraft:stick":17,"minecraft:oak_door":2,"minecraft:torch":24,"minecraft:gravel":4,"minecraft:diorite":15,"minecraft:spider_eye":1,"minecraft:stone_sword":3,"minecraft:arrow":12,"minecraft:stone_shovel":2,"minecraft:stone_axe":3,"minecraft:bone_meal":9,"minecraft:oak_sapling":6,"minecraft:coal":29,"minecraft:cobblestone":329},"minecraft:crafted":{"minecraft:oak_door":3,"minecraft:oak_slab":12,"minecraft:oak_planks":68,"minecraft:stone_shovel":1,"minecraft:crafting_table":1,"minecraft:wooden_pickaxe":1,"minecraft:furnace":1,"minecraft:copper_ingot":33,"minecraft:bone_meal":27,"minecraft:stone_axe":2,"minecraft:bread":2,"minecraft:air":0,"minecraft:oak_trapdoor":2,"minecraft:charcoal":5,"minecraft:stick":48,"minecraft:stone_pickaxe":3,"minecraft:stone_sword":1,"minecraft:chest":2,"minecraft:composter":1,"minecraft:torch":72,"minecraft:stone_hoe":1},"minecraft:broken":{"minecraft:stone_pickaxe":1},"minecraft:custom":{"minecraft:interact_with_furnace":13,"minecraft:mob_kills":8,"minecraft:interact_with_crafting_table":27,"minecraft:leave_game":1,"minecraft:time_since_death":4661,"minecraft:time_since_rest":4690,"minecraft:sprint_one_cm":101483,"minecraft:damage_taken":1687,"minecraft:walk_one_cm":152944,"minecraft:drop":6,"minecraft:damage_dealt":1343,"minecraft:swim_one_cm":2915,"minecraft:fly_one_cm":65030,"minecraft:open_chest":37,"minecraft:crouch_one_cm":6678,"minecraft:play_time":54872,"minecraft:deaths":5,"minecraft:sneak_time":2281,"minecraft:walk_under_water_one_cm":174,"minecraft:jump":594,"minecraft:walk_on_water_one_cm":1080,"minecraft:total_world_time":54872,"minecraft:fall_one_cm":8030},"minecraft:dropped":{"minecraft:oak_planks":10,"minecraft:diorite":4,"minecraft:stone_pickaxe":1},"minecraft:killed":{"minecraft:spider":3,"minecraft:creeper":1,"minecraft:skeleton":3,"minecraft:zombie":1},"minecraft:mined":{"minecraft:oak_door":1,"minecraft:crafting_table":1,"minecraft:torch":2,"minecraft:grass_block":44,"minecraft:copper_ore":2,"minecraft:cobblestone":6,"minecraft:diorite":15,"minecraft:wall_torch":5,"minecraft:furnace":2,"minecraft:wheat":11,"minecraft:andesite":5,"minecraft:grass":53,"minecraft:oak_log":40,"minecraft:coal_ore":9,"minecraft:gravel":2,"minecraft:dirt":65,"minecraft:stone":194,"minecraft:oak_leaves":5},"minecraft:used":{"minecraft:wheat_seeds":30,"minecraft:stone_sword":34,"minecraft:stone_shovel":91,"minecraft:stone_pickaxe":208,"minecraft:chest":2,"minecraft:wooden_pickaxe":35,"minecraft:composter":1,"minecraft:stone_hoe":17,"minecraft:rotten_flesh":4,"minecraft:oak_door":3,"minecraft:torch":83,"minecraft:dirt":74,"minecraft:crafting_table":4,"minecraft:apple":1,"minecraft:bread":2,"minecraft:stone_axe":40,"minecraft:cobblestone":103,"minecraft:furnace":3,"minecraft:bone_meal":27}},"DataVersion":3465}