{"stats":{"minecraft:custom":{"minecraft:time_since_rest":8168,"minecraft:interact_with_furnace":6,"minecraft:sprint_one_cm":70106,"minecraft:damage_taken":1130,"minecraft:walk_one_cm":44494,"minecraft:drop":2,"minecraft:interact_with_crafting_table":8,"minecraft:fly_one_cm":143408,"minecraft:open_chest":11,"minecraft:crouch_one_cm":13,"minecraft:play_time":30141,"minecraft:deaths":3,"minecraft:sneak_time":103,"minecraft:jump":387,"minecraft:leave_game":3,"minecraft:time_since_death":14406,"minecraft:sleep_in_bed":4,"minecraft:total_world_time":30141,"minecraft:fall_one_cm":15412},"minecraft:used":{"minecraft:stone_shovel":10,"minecraft:stone_pickaxe":35,"minecraft:oak_planks":6,"minecraft:wooden_pickaxe":7,"minecraft:torch":1,"minecraft:stone_axe":46,"simpletomb:grave_key":1,"minecraft:pink_petals":1,"minecraft:dirt":20,"minecraft:cobblestone":4,"minecraft:crafting_table":2,"minecraft:furnace":1,"minecraft:carrot":16,"minecraft:yellow_bed":1},"minecraft:crafted":{"minecraft:oak_planks":60,"minecraft:stone_shovel":1,"minecraft:crafting_table":1,"minecraft:stick":12,"minecraft:iron_ingot":4,"minecraft:wooden_pickaxe":1,"minecraft:stone_pickaxe":1,"minecraft:stone_sword":1,"minecraft:furnace":1,"minecraft:stone_axe":1,"minecraft:air":0},"minecraft:killed_by":{"man:managgresive":2},"minecraft:mined":{"minecraft:hay_block":18,"minecraft:smooth_stone":3,"minecraft:carrots":4,"minecraft:iron_ore":4,"minecraft:wheat":3,"minecraft:cobblestone_stairs":1,"minecraft:stripped_oak_wood":1,"minecraft:oak_fence":4,"minecraft:yellow_bed":2,"minecraft:crafting_table":1,"minecraft:oak_stairs":1,"minecraft:grass":1,"minecraft:grass_block":5,"minecraft:potatoes":2,"minecraft:oak_log":41,"minecraft:beetroots":1,"minecraft:dirt_path":3,"minecraft:dirt":9,"minecraft:sand":1,"minecraft:cobblestone":7,"minecraft:stone":27,"minecraft:wall_torch":1},"minecraft:picked_up":{"minecraft:raw_iron":4,"minecraft:pink_petals":2,"minecraft:crafting_table":1,"minecraft:wheat":3,"minecraft:oak_fence":4,"minecraft:torch":6,"minecraft:acacia_log":2,"minecraft:oak_pressure_plate":1,"minecraft:oak_stairs":1,"minecraft:potato":6,"minecraft:sand":1,"minecraft:oak_log":41,"minecraft:yellow_bed":2,"minecraft:carrot":15,"minecraft:cobblestone_stairs":1,"minecraft:dirt":17,"minecraft:beetroot":1,"minecraft:beetroot_seeds":3,"minecraft:wheat_seeds":9,"minecraft:smooth_stone":3,"minecraft:hay_block":18,"minecraft:stripped_oak_wood":1,"minecraft:oak_planks":15,"minecraft:cobblestone":37},"minecraft:dropped":{"man:cassette_1safetyinstructions":1,"minecraft:sand":1}},"DataVersion":3465}