{"stats":{"minecraft:picked_up":{"minecraft:chiseled_deepslate":1,"minecraft:crafting_table":3,"minecraft:wheat":7,"minecraft:azure_bluet":5,"minecraft:chicken":1,"minecraft:oak_stairs":1,"minecraft:cornflower":2,"minecraft:string":7,"minecraft:raw_copper":105,"minecraft:beetroot":1,"minecraft:diamond_leggings":1,"minecraft:cobbled_deepslate":195,"minecraft:smooth_stone":6,"minecraft:echo_shard":1,"minecraft:poppy":6,"minecraft:iron_pickaxe":1,"minecraft:chest":2,"minecraft:diamond_hoe":1,"minecraft:furnace":3,"minecraft:egg":3,"minecraft:raw_iron":105,"minecraft:oak_door":5,"minecraft:oak_fence":4,"minecraft:torch":9,"minecraft:acacia_log":2,"minecraft:cherry_log":60,"minecraft:diorite":121,"minecraft:carrot":65,"minecraft:deepslate_tile_stairs":1,"minecraft:arrow":1,"minecraft:rotten_flesh":17,"minecraft:beetroot_seeds":4,"minecraft:hay_block":25,"minecraft:obsidian":14,"minecraft:mutton":1,"minecraft:cobblestone":856,"minecraft:snowball":48,"minecraft:white_wool":4,"minecraft:oxeye_daisy":2,"minecraft:pink_petals":26,"minecraft:feather":10,"minecraft:andesite":30,"minecraft:leather":4,"minecraft:potato":44,"minecraft:flint":13,"minecraft:tuff":34,"minecraft:oak_log":46,"minecraft:yellow_bed":6,"minecraft:cobblestone_stairs":30,"sanitydim:garland":1,"minecraft:lapis_lazuli":20,"minecraft:dirt":155,"minecraft:white_banner":1,"minecraft:cooked_mutton":1,"minecraft:bone":7,"minecraft:wheat_seeds":22,"minecraft:deepslate_brick_slab":1,"minecraft:raw_gold":18,"minecraft:iron_ingot":16,"minecraft:stripped_oak_wood":1,"minecraft:gray_bed":1,"minecraft:oak_planks":16,"minecraft:oak_slab":9,"minecraft:dandelion":21,"minecraft:oak_pressure_plate":1,"minecraft:gravel":100,"minecraft:sand":1,"minecraft:amethyst_shard":8,"minecraft:blast_furnace":1,"minecraft:white_bed":1,"minecraft:spider_eye":1,"minecraft:diamond":6,"minecraft:stone_axe":1,"minecraft:granite":28,"minecraft:gray_wool":341,"minecraft:golden_horse_armor":1,"minecraft:emerald":6,"minecraft:baked_potato":21,"minecraft:black_wool":1,"minecraft:coal":123},"minecraft:mined":{"minecraft:tuff":35,"minecraft:white_bed":1,"minecraft:deepslate_diamond_ore":6,"minecraft:cherry_log":62,"minecraft:cobblestone_stairs":2,"minecraft:sculk_vein":32,"minecraft:obsidian":15,"minecraft:granite":28,"minecraft:grass_block":19,"minecraft:deepslate_tile_stairs":1,"minecraft:oxeye_daisy":2,"minecraft:hay_block":18,"minecraft:smooth_stone":3,"minecraft:deepslate_brick_slab":1,"minecraft:sculk_catalyst":2,"minecraft:furnace":3,"minecraft:carrots":17,"minecraft:iron_ore":89,"minecraft:cobbled_deepslate":1,"minecraft:andesite":32,"minecraft:azure_bluet":5,"minecraft:sculk_shrieker":28,"minecraft:potatoes":11,"minecraft:deepslate_iron_ore":15,"minecraft:dirt_path":3,"minecraft:oak_stairs":1,"minecraft:deepslate_brick_stairs":1,"minecraft:stone":831,"minecraft:snow_block":13,"minecraft:amethyst_cluster":2,"minecraft:dandelion":23,"minecraft:oak_fence":4,"minecraft:crafting_table":3,"minecraft:cornflower":2,"minecraft:blast_furnace":1,"minecraft:poppy":7,"minecraft:sculk_sensor":36,"minecraft:copper_ore":17,"minecraft:cobblestone":12,"minecraft:deepslate_gold_ore":15,"minecraft:lapis_ore":3,"minecraft:sculk":282,"minecraft:diorite":114,"minecraft:wall_torch":3,"minecraft:pink_petals":3,"minecraft:gray_wool":342,"minecraft:wheat":7,"minecraft:gray_bed":1,"minecraft:stripped_oak_wood":1,"minecraft:yellow_bed":6,"minecraft:grass":20,"minecraft:oak_log":46,"minecraft:coal_ore":69,"minecraft:beetroots":1,"minecraft:gravel":114,"minecraft:sand":1,"minecraft:dirt":116,"minecraft:gold_ore":3,"minecraft:deepslate":185},"minecraft:killed":{"minecraft:spider":6,"minecraft:skeleton":6,"minecraft:chicken":1,"minecraft:sheep":1,"minecraft:pillager":2,"minecraft:zombie":13},"minecraft:crafted":{"minecraft:cherry_planks":72,"minecraft:oak_planks":112,"minecraft:stone_shovel":2,"minecraft:fishing_rod":1,"minecraft:spyglass":1,"minecraft:furnace":3,"minecraft:blast_furnace":1,"minecraft:cobblestone_stairs":100,"minecraft:stone":3,"minecraft:bone_meal":21,"sanitydim:garland":7,"minecraft:white_carpet":3,"minecraft:bow":1,"minecraft:iron_boots":1,"minecraft:iron_axe":1,"minecraft:stone_pickaxe":6,"minecraft:chest":1,"minecraft:stone_hoe":1,"minecraft:gray_bed":2,"minecraft:golden_boots":1,"minecraft:wheat":144,"minecraft:arrow":20,"minecraft:crafting_table":6,"minecraft:iron_helmet":1,"minecraft:wooden_pickaxe":1,"minecraft:iron_sword":1,"minecraft:copper_ingot":3,"minecraft:bucket":1,"minecraft:campfire":1,"minecraft:stone_axe":1,"minecraft:bread":49,"minecraft:air":0,"minecraft:iron_chestplate":1,"minecraft:diamond_pickaxe":1,"minecraft:shield":1,"minecraft:stick":116,"minecraft:iron_ingot":87,"minecraft:iron_pickaxe":5,"minecraft:oak_stairs":24,"minecraft:iron_shovel":1,"minecraft:stone_sword":1,"minecraft:gold_ingot":18,"minecraft:iron_leggings":1,"minecraft:torch":168,"minecraft:shears":2},"minecraft:custom":{"minecraft:mob_kills":29,"minecraft:interact_with_crafting_table":71,"minecraft:open_barrel":11,"minecraft:interact_with_campfire":26,"minecraft:leave_game":5,"minecraft:time_since_death":27721,"minecraft:climb_one_cm":1991,"minecraft:sprint_one_cm":618624,"minecraft:walk_one_cm":444964,"minecraft:damage_blocked_by_shield":380,"minecraft:drop":93,"minecraft:play_time":259285,"minecraft:deaths":7,"minecraft:sneak_time":45829,"minecraft:walk_under_water_one_cm":1099,"minecraft:jump":5006,"minecraft:interact_with_blast_furnace":8,"minecraft:walk_on_water_one_cm":12915,"minecraft:total_world_time":259285,"minecraft:interact_with_furnace":42,"minecraft:sleep_in_bed":14,"minecraft:time_since_rest":3744,"minecraft:damage_taken":4719,"minecraft:damage_dealt":5528,"minecraft:swim_one_cm":12052,"minecraft:player_kills":1,"minecraft:fly_one_cm":794718,"minecraft:open_chest":111,"minecraft:crouch_one_cm":159865,"minecraft:fall_one_cm":174858},"minecraft:used":{"minecraft:stone_sword":8,"minecraft:stone_shovel":251,"minecraft:diamond_hoe":325,"minecraft:shield":10,"minecraft:chest":3,"minecraft:iron_sword":117,"minecraft:stone_hoe":54,"simpletomb:grave_key":7,"minecraft:torch":173,"minecraft:spyglass":21,"minecraft:dirt":29,"sanitydim:garland":4,"minecraft:carrot":69,"minecraft:deepslate_brick_slab":1,"minecraft:snowball":32,"minecraft:iron_axe":41,"minecraft:oak_stairs":24,"minecraft:iron_helmet":2,"minecraft:iron_boots":1,"minecraft:bow":20,"minecraft:furnace":4,"minecraft:deepslate_tile_stairs":1,"minecraft:gray_bed":2,"minecraft:egg":1,"minecraft:potato":13,"minecraft:cobbled_deepslate":29,"minecraft:iron_leggings":1,"minecraft:cooked_mutton":1,"minecraft:water_bucket":1,"minecraft:diorite":10,"minecraft:cobblestone_stairs":73,"minecraft:baked_potato":4,"minecraft:stone_pickaxe":656,"minecraft:oak_planks":6,"minecraft:wooden_pickaxe":7,"minecraft:crafting_table":9,"minecraft:blast_furnace":2,"minecraft:white_bed":1,"minecraft:campfire":1,"minecraft:shears":342,"minecraft:diamond_pickaxe":15,"minecraft:bread":49,"minecraft:iron_pickaxe":808,"minecraft:stone_axe":78,"minecraft:pink_petals":1,"minecraft:fishing_rod":24,"minecraft:cobblestone":90,"minecraft:bucket":2,"minecraft:andesite":1,"minecraft:yellow_bed":4,"minecraft:gray_wool":271,"minecraft:bone_meal":21,"minecraft:soul_torch":37},"minecraft:dropped":{"minecraft:stone_hoe":1,"minecraft:iron_ingot":13,"minecraft:cherry_log":5,"minecraft:oak_log":4,"minecraft:diamond_leggings":4,"minecraft:cobblestone":480,"man:cassette_1safetyinstructions":1,"minecraft:granite":28,"minecraft:coal":10,"minecraft:cobblestone_stairs":28,"minecraft:dirt":61,"minecraft:gray_wool":56,"minecraft:diorite":105,"minecraft:gray_bed":1,"minecraft:cherry_planks":1,"minecraft:white_banner":1,"minecraft:sand":1,"minecraft:iron_pickaxe":1,"minecraft:string":1,"minecraft:pink_petals":20,"minecraft:bone":9,"minecraft:gravel":100,"minecraft:stone_axe":1,"minecraft:cobbled_deepslate":73,"minecraft:raw_copper":100,"minecraft:tuff":34,"minecraft:diamond_hoe":1,"minecraft:rotten_flesh":16,"minecraft:oak_planks":2,"minecraft:carrot":16,"minecraft:echo_shard":1,"minecraft:potato":1,"minecraft:andesite":29,"sanitydim:garland":3,"minecraft:spider_eye":1},"minecraft:killed_by":{"man:managgresive":2,"sanitydim:sneaking_terror":1,"cave_dweller:cave_dweller":3},"minecraft:broken":{"minecraft:shears":1,"sanitydim:garland":4,"minecraft:stone_pickaxe":5,"minecraft:iron_pickaxe":2,"minecraft:stone_shovel":1}},"DataVersion":3465}