{"stats":{"minecraft:custom":{"minecraft:time_since_rest":694,"minecraft:sprint_one_cm":18883,"minecraft:play_time":16362,"minecraft:deaths":3,"minecraft:damage_taken":960,"minecraft:walk_one_cm":6777,"minecraft:sneak_time":98,"minecraft:drop":2,"minecraft:jump":109,"minecraft:leave_game":3,"minecraft:time_since_death":627,"minecraft:total_world_time":16362,"minecraft:fall_one_cm":4325,"minecraft:fly_one_cm":74038},"minecraft:used":{"simpletomb:grave_key":1,"minecraft:pink_petals":1,"minecraft:dirt":13},"minecraft:mined":{"minecraft:sand":1},"minecraft:killed_by":{"man:managgresive":2},"minecraft:picked_up":{"minecraft:pink_petals":2,"minecraft:acacia_log":2,"minecraft:torch":1,"minecraft:sand":1},"minecraft:dropped":{"man:cassette_1safetyinstructions":1,"minecraft:sand":1}},"DataVersion":3465}