{"stats":{"minecraft:picked_up":{"minecraft:crafting_table":1,"minecraft:feather":3,"minecraft:chicken":2,"minecraft:porkchop":3,"minecraft:cherry_log":5,"minecraft:oak_log":4,"minecraft:carrot":12,"sanitydim:garland":1,"minecraft:diamond_leggings":1,"minecraft:wheat_seeds":1,"minecraft:iron_ingot":13,"minecraft:gray_wool":1,"minecraft:baked_potato":4,"minecraft:gray_bed":2,"minecraft:mutton":4,"minecraft:coal":16,"minecraft:white_wool":2,"minecraft:cobblestone":13,"minecraft:egg":1},"minecraft:mined":{"minecraft:fire":1,"minecraft:gray_bed":1,"minecraft:crafting_table":1,"minecraft:grass":1,"minecraft:oak_log":4,"minecraft:coal_ore":16,"minecraft:stone":13,"minecraft:oak_leaves":1},"minecraft:crafted":{"minecraft:oak_planks":16,"minecraft:cooked_porkchop":3,"minecraft:crafting_table":1,"minecraft:stick":8,"minecraft:wooden_pickaxe":1,"minecraft:stone_pickaxe":1,"minecraft:stone_sword":1,"minecraft:furnace":1,"minecraft:torch":12,"minecraft:air":0},"minecraft:killed":{"minecraft:sheep":3,"minecraft:pig":1,"minecraft:chicken":2,"endofherobrine:pigman":1},"minecraft:custom":{"minecraft:time_since_rest":15063,"minecraft:interact_with_furnace":4,"minecraft:sprint_one_cm":16017,"minecraft:damage_taken":539,"minecraft:walk_one_cm":27913,"minecraft:mob_kills":7,"minecraft:drop":1,"minecraft:damage_dealt":974,"minecraft:swim_one_cm":9168,"minecraft:interact_with_crafting_table":6,"minecraft:fly_one_cm":42765,"minecraft:crouch_one_cm":5561,"minecraft:play_time":15063,"minecraft:sneak_time":2469,"minecraft:walk_under_water_one_cm":5631,"minecraft:jump":207,"minecraft:walk_on_water_one_cm":10169,"minecraft:time_since_death":15063,"minecraft:total_world_time":15063,"minecraft:fall_one_cm":7461},"minecraft:used":{"minecraft:stone_sword":24,"minecraft:baked_potato":3,"minecraft:stone_pickaxe":22,"minecraft:wooden_pickaxe":7,"minecraft:torch":1,"sanitydim:garland":1,"minecraft:crafting_table":2,"minecraft:furnace":1,"minecraft:cooked_porkchop":3,"minecraft:gray_bed":2,"minecraft:carrot":8,"minecraft:diamond_leggings":1},"minecraft:dropped":{"minecraft:wooden_pickaxe":1}},"DataVersion":3465}