{"stats":{"minecraft:picked_up":{"minecraft:oak_log":4,"minecraft:cobblestone":7},"minecraft:mined":{"minecraft:oak_log":4,"minecraft:stone":7,"minecraft:oak_leaves":1},"minecraft:crafted":{"minecraft:oak_planks":16,"minecraft:crafting_table":1,"minecraft:stick":4,"minecraft:wooden_pickaxe":1},"minecraft:custom":{"minecraft:time_since_rest":3063,"minecraft:crouch_one_cm":1590,"minecraft:play_time":3063,"minecraft:sprint_one_cm":6995,"minecraft:damage_taken":30,"minecraft:walk_one_cm":5262,"minecraft:sneak_time":633,"minecraft:drop":1,"minecraft:jump":77,"minecraft:time_since_death":3063,"minecraft:total_world_time":3063,"minecraft:interact_with_crafting_table":1,"minecraft:fall_one_cm":4771,"minecraft:fly_one_cm":21849},"minecraft:used":{"minecraft:crafting_table":1,"minecraft:wooden_pickaxe":7},"minecraft:dropped":{"minecraft:wooden_pickaxe":1}},"DataVersion":3465}